date,home,away,prediction,confidence,actual,result
2024-01-13,CAR,PIT,PIT,0.58,CAR,LOSS
2024-01-13,FLA,NJD,NJD,0.7,NJD,WIN
2024-01-13,OTT,SJS,SJS,0.59,OTT,LOSS
2024-01-13,WSH,NYR,WSH,0.78,WSH,WIN
2024-01-13,MTL,EDM,EDM,0.75,EDM,WIN
2024-01-14,NYR,WSH,WSH,0.67,NYR,LOSS
2024-01-15,VGK,NSH,VGK,0.73,VGK,WIN
2024-01-15,MIN,NYI,NYI,0.585,MIN,LOSS
2024-01-15,BOS,NJD,NJD,0.67,BOS,LOSS
2024-01-15,CAR,LAK,CAR,0.67,LAK,LOSS
2024-01-16,WPG,NYI,WPG,0.57,WPG,WIN
2024-01-16,OTT,COL,COL,0.55,COL,WIN
2024-01-16,DAL,LAK,DAL,0.69,DAL,WIN
2024-01-17,FLA,DET,DET,0.56,DET,WIN
2024-01-17,NJD,MTL,NJD,0.5993939393939394,MTL,LOSS
2024-01-18,VGK,NYR,NYR,0.62,VGK,LOSS
2024-01-18,LAK,NSH,NSH,0.68,NSH,WIN
2024-01-18,WSH,STL,WSH,0.633888888888889,WSH,WIN
2024-01-18,OTT,MTL,OTT,0.72,OTT,WIN
2024-01-18,BOS,COL,COL,0.63,BOS,LOSS
2024-01-18,BUF,CHI,BUF,0.6,BUF,WIN
2024-01-18,PHI,DAL,PHI,0.57875,PHI,WIN
2024-01-19,CAR,DET,CAR,0.5701526251526251,CAR,WIN
2024-01-19,FLA,MIN,MIN,0.65,MIN,WIN
2024-01-19,CHI,NYI,NYI,0.58,CHI,LOSS
2024-01-20,LAK,NYR,NYR,0.6627272727272728,LAK,LOSS
2024-01-20,VGK,PIT,VGK,0.66,VGK,WIN
2024-01-20,SJS,ANA,ANA,0.65,SJS,LOSS
2024-01-20,STL,WSH,WSH,0.5771428571428571,STL,LOSS
2024-01-20,NJD,DAL,DAL,0.7977272727272728,DAL,WIN
2024-01-20,OTT,WPG,OTT,0.61,WPG,LOSS
2024-01-21,PHI,OTT,OTT,0.6,OTT,WIN
2024-01-21,CAR,MIN,CAR,0.6,MIN,LOSS
2024-01-21,NYI,DAL,DAL,0.58,NYI,LOSS
2024-01-21,ANA,NYR,ANA,0.6833333333333335,NYR,LOSS
2024-01-22,LAK,SJS,SJS,0.64,SJS,WIN
2024-01-22,VAN,CHI,VAN,0.79,VAN,WIN
2024-01-22,NSH,FLA,FLA,0.6923484848484849,FLA,WIN
2024-01-22,BOS,WPG,WPG,0.6527777777777779,BOS,LOSS
2024-01-22,NJD,VGK,VGK,0.64,NJD,LOSS
2024-01-23,DET,DAL,DAL,0.6,DAL,WIN
2024-01-23,MTL,OTT,OTT,0.61,OTT,WIN
2024-01-23,NYI,VGK,VGK,0.63,VGK,WIN
2024-01-23,MIN,WSH,WSH,0.7,MIN,LOSS
2024-01-23,SJS,NYR,SJS,0.6898039215686275,SJS,WIN
2024-01-24,LAK,BUF,BUF,0.59,BUF,WIN
2024-01-24,VAN,STL,VAN,0.6785714285714286,STL,LOSS
2024-01-24,BOS,CAR,CAR,0.5909090909090909,CAR,WIN
2024-01-24,TOR,WPG,WPG,0.59,TOR,LOSS
2024-01-25,MIN,NSH,NSH,0.58,NSH,WIN
2024-01-25,DAL,ANA,DAL,0.6372727272727272,DAL,WIN
2024-01-25,EDM,CHI,EDM,0.7,EDM,WIN
2024-01-25,OTT,BOS,OTT,0.56,BOS,LOSS
2024-01-26,NYR,VGK,VGK,0.71,VGK,WIN
2024-01-26,PIT,FLA,PIT,0.6533333333333334,FLA,LOSS
2024-01-27,WPG,TOR,WPG,0.5671212121212121,TOR,LOSS
2024-01-27,CGY,CHI,CGY,0.73,CGY,WIN
2024-01-27,MIN,ANA,ANA,0.6,ANA,WIN
2024-01-27,NYI,FLA,FLA,0.69,FLA,WIN
2024-01-27,DET,VGK,VGK,0.64,DET,LOSS
2024-01-27,DAL,WSH,WSH,0.67,DAL,LOSS
2024-01-27,PHI,BOS,BOS,0.5539999999999999,BOS,WIN
2024-01-28,STL,LAK,STL,0.76,STL,WIN
2024-01-29,OTT,NSH,OTT,0.61,OTT,WIN
2024-02-05,NYR,COL,COL,0.71,NYR,LOSS
2024-02-06,BOS,CGY,CGY,0.6153333333333333,CGY,WIN
2024-02-06,BUF,DAL,DAL,0.61,DAL,WIN
2024-02-06,FLA,PHI,PHI,0.68,PHI,WIN
2024-02-06,WSH,MTL,MTL,0.57,MTL,WIN
2024-02-06,NJD,COL,COL,0.67,NJD,LOSS
2024-02-06,VGK,EDM,VGK,0.58,VGK,WIN
2024-02-07,TOR,DAL,DAL,0.566923076923077,TOR,LOSS
2024-02-08,CAR,COL,COL,0.68,CAR,LOSS
2024-02-08,PHI,WPG,WPG,0.7,PHI,LOSS
2024-02-08,BOS,VAN,VAN,0.6063636363636364,BOS,LOSS
2024-02-08,FLA,WSH,FLA,0.58,FLA,WIN
2024-02-09,MIN,PIT,MIN,0.69,MIN,WIN
2024-02-09,ANA,EDM,EDM,0.56,EDM,WIN
2024-02-10,CAR,NJD,CAR,0.5857142857142857,CAR,WIN
2024-02-10,FLA,COL,COL,0.57,FLA,LOSS
2024-02-10,NYI,CGY,CGY,0.7134523809523811,CGY,WIN
2024-02-10,DET,VAN,VAN,0.8,DET,LOSS
2024-02-11,MTL,STL,STL,0.65,STL,WIN
2024-02-11,WSH,VAN,VAN,0.56,VAN,WIN
2024-02-12,NYR,CGY,CGY,0.755,NYR,LOSS
2024-02-13,TOR,STL,STL,0.61,TOR,LOSS
2024-02-13,NSH,NJD,NSH,0.6975,NJD,LOSS
2024-02-13,WSH,COL,COL,0.56,COL,WIN
2024-02-13,MTL,ANA,MTL,0.5591071428571428,MTL,WIN
2024-02-13,DAL,CAR,CAR,0.877,DAL,LOSS
2024-02-14,WPG,SJS,WPG,0.61,WPG,WIN
2024-02-15,BUF,FLA,FLA,0.69,FLA,WIN
2024-02-15,NJD,LAK,NJD,0.8,LAK,LOSS
2024-02-15,NYR,MTL,MTL,0.5613333333333334,NYR,LOSS
2024-02-15,OTT,ANA,OTT,0.7,ANA,LOSS
2024-02-15,CGY,SJS,CGY,0.67,SJS,LOSS
2024-02-17,TOR,ANA,ANA,0.5624761904761905,TOR,LOSS
2024-02-17,VGK,CAR,VGK,0.66,CAR,LOSS
2024-02-17,NJD,PHI,NJD,0.56,NJD,WIN
2024-02-17,STL,NSH,NSH,0.57,NSH,WIN
2024-02-17,VAN,WPG,VAN,0.63,WPG,LOSS
2024-02-17,CGY,DET,CGY,0.69,DET,LOSS
2024-02-17,BOS,LAK,BOS,0.72,LAK,LOSS
2024-02-17,MIN,BUF,BUF,0.64,BUF,WIN
2024-02-17,DAL,EDM,EDM,0.7,EDM,WIN
2024-02-18,PIT,LAK,PIT,0.57,LAK,LOSS
2024-02-19,CAR,CHI,CAR,0.82,CAR,WIN
2024-02-19,CGY,WPG,CGY,0.5564285714285714,CGY,WIN
2024-02-19,STL,TOR,TOR,0.6869047619047619,TOR,WIN
2024-02-20,VGK,NSH,VGK,0.72,NSH,LOSS
2024-02-20,FLA,OTT,OTT,0.64,FLA,LOSS
2024-02-20,NYR,DAL,NYR,0.5557142857142857,NYR,WIN
2024-02-20,WSH,NJD,NJD,0.61,WSH,LOSS
2024-02-20,WPG,MIN,MIN,0.63,WPG,LOSS
2024-02-20,COL,VAN,COL,0.73,COL,WIN
2024-02-21,MTL,BUF,BUF,0.6342857142857143,BUF,WIN
2024-02-22,DET,COL,COL,0.69,DET,LOSS
2024-02-22,LAK,NSH,NSH,0.6493176961926963,NSH,WIN
2024-02-22,STL,NYI,NYI,0.7635714285714286,STL,LOSS
2024-02-22,VGK,TOR,VGK,0.63,TOR,LOSS
2024-02-22,OTT,DAL,DAL,0.59,OTT,LOSS
2024-02-22,NJD,NYR,NYR,0.722,NYR,WIN
2024-02-22,CAR,FLA,CAR,0.6,CAR,WIN
2024-02-23,EDM,MIN,MIN,0.79,MIN,WIN
2024-02-24,SJS,NSH,NSH,0.56,NSH,WIN
2024-02-24,EDM,CGY,CGY,0.63,CGY,WIN
2024-02-24,VAN,BOS,BOS,0.71,VAN,LOSS
2024-02-24,DET,STL,STL,0.6642857142857143,DET,LOSS
2024-02-24,COL,TOR,COL,0.68,TOR,LOSS
2024-02-24,FLA,WSH,FLA,0.58,FLA,WIN
2024-02-24,PHI,NYR,NYR,0.71,NYR,WIN
2024-02-24,OTT,VGK,VGK,0.62,OTT,LOSS
2024-02-25,ANA,NSH,NSH,0.66,NSH,WIN
2024-02-25,CHI,DET,DET,0.57,DET,WIN
2024-02-25,PIT,PHI,PHI,0.66,PIT,LOSS
2024-02-26,EDM,LAK,EDM,0.67875,EDM,WIN
2024-02-27,SJS,NJD,NJD,0.58,NJD,WIN
2024-02-27,VAN,PIT,VAN,0.62,PIT,LOSS
2024-02-27,CGY,LAK,CGY,0.6110714285714285,CGY,WIN
2024-02-27,COL,DAL,COL,0.6,COL,WIN
2024-02-27,MIN,CAR,MIN,0.61,CAR,LOSS
2024-02-27,TOR,VGK,VGK,0.66,VGK,WIN
2024-02-27,FLA,BUF,FLA,0.63,FLA,WIN
2024-02-27,DET,WSH,DET,0.5653846153846154,DET,WIN
2024-02-27,NSH,OTT,NSH,0.59,NSH,WIN
2024-02-28,EDM,STL,STL,0.6,EDM,LOSS
2024-02-29,BOS,VGK,VGK,0.6,BOS,LOSS
2024-02-29,FLA,MTL,MTL,0.59,FLA,LOSS
2024-02-29,DAL,WPG,WPG,0.563076923076923,DAL,LOSS
2024-02-29,CHI,COL,COL,0.61,COL,WIN
2024-02-29,VAN,LAK,VAN,0.68,LAK,LOSS
2024-03-01,WSH,PHI,PHI,0.57,WSH,LOSS
2024-03-02,DAL,SJS,DAL,0.6,DAL,WIN
2024-03-02,NYI,BOS,BOS,0.69,NYI,LOSS
2024-03-02,TOR,NYR,NYR,0.6708333333333334,TOR,LOSS
2024-03-02,CGY,PIT,CGY,0.5966666666666667,CGY,WIN
2024-03-02,STL,MIN,MIN,0.65,STL,LOSS
2024-03-02,NSH,COL,NSH,0.65,NSH,WIN
2024-03-02,DET,FLA,DET,0.56,FLA,LOSS
2024-03-02,BUF,VGK,VGK,0.72,BUF,LOSS
2024-03-03,EDM,PIT,EDM,0.5966666666666667,EDM,WIN
2024-03-04,NYR,FLA,NYR,0.64,FLA,LOSS
2024-03-04,PHI,STL,STL,0.73,STL,WIN
2024-03-04,COL,CHI,COL,0.8,COL,WIN
2024-03-05,SJS,DAL,DAL,0.55,DAL,WIN
2024-03-05,NSH,MTL,NSH,0.55,MTL,LOSS
2024-03-05,NYI,STL,STL,0.55,NYI,LOSS
2024-03-06,TOR,BUF,TOR,0.6028846153846154,TOR,WIN
2024-03-06,COL,DET,DET,0.55,COL,LOSS
2024-03-06,ANA,OTT,ANA,0.65,ANA,WIN
2024-03-07,SJS,NYI,NYI,0.5845,NYI,WIN
2024-03-07,VGK,VAN,VAN,0.55,VAN,WIN
2024-03-07,PIT,WSH,PIT,0.6783928571428572,WSH,LOSS
2024-03-07,NSH,BUF,NSH,0.77,NSH,WIN
2024-03-07,NJD,STL,STL,0.58,NJD,LOSS
2024-03-08,ANA,DAL,DAL,0.7,DAL,WIN
2024-03-09,NYR,STL,NYR,0.61,NYR,WIN
2024-03-09,LAK,DAL,DAL,0.58,DAL,WIN
2024-03-09,VAN,WPG,WPG,0.55,VAN,LOSS
2024-03-09,WSH,CHI,WSH,0.6,WSH,WIN
2024-03-09,MTL,TOR,TOR,0.69,TOR,WIN
2024-03-09,BOS,PIT,PIT,0.59,BOS,LOSS
2024-03-09,NJD,CAR,CAR,0.72,CAR,WIN
2024-03-09,BUF,EDM,EDM,0.7145454545454545,BUF,LOSS
2024-03-10,PIT,EDM,EDM,0.55,EDM,WIN
2024-03-10,MIN,NSH,MIN,0.55,MIN,WIN
2024-03-10,CAR,CGY,CGY,0.59,CAR,LOSS
2024-03-10,ANA,NYI,NYI,0.7033333333333333,NYI,WIN
2024-03-11,LAK,NYI,NYI,0.5942857142857143,LAK,LOSS
2024-03-11,WPG,WSH,WSH,0.64,WPG,LOSS
2024-03-11,NYR,NJD,NYR,0.59,NYR,WIN
2024-03-11,BOS,STL,STL,0.5767857142857143,STL,WIN
2024-03-12,BUF,DET,DET,0.66,BUF,LOSS
2024-03-12,OTT,PIT,OTT,0.6453846153846154,OTT,WIN
2024-03-12,PHI,SJS,SJS,0.55,PHI,LOSS
2024-03-12,DAL,FLA,DAL,0.59,FLA,LOSS
2024-03-12,CHI,ANA,CHI,0.61,CHI,WIN
2024-03-12,CGY,COL,CGY,0.56,COL,LOSS
2024-03-13,VAN,COL,COL,0.67,COL,WIN
2024-03-13,EDM,WSH,WSH,0.59,EDM,LOSS
2024-03-13,STL,LAK,STL,0.55,STL,WIN
2024-03-14,CAR,FLA,CAR,0.63,CAR,WIN
2024-03-14,MTL,BOS,BOS,0.66,BOS,WIN
2024-03-14,PIT,SJS,PIT,0.63,PIT,WIN
2024-03-14,PHI,TOR,TOR,0.62,TOR,WIN
2024-03-14,DAL,NJD,DAL,0.61,NJD,LOSS
2024-03-14,CGY,VGK,VGK,0.6031538461538462,CGY,LOSS
2024-03-15,WPG,ANA,WPG,0.69,WPG,WIN
2024-03-15,CHI,LAK,LAK,0.56,LAK,WIN
2024-03-16,STL,MIN,STL,0.7877777777777777,STL,WIN
2024-03-16,DAL,LAK,DAL,0.64,DAL,WIN
2024-03-16,EDM,COL,COL,0.5866666666666667,COL,WIN
2024-03-16,TOR,CAR,CAR,0.67,CAR,WIN
2024-03-16,DET,BUF,DET,0.75,DET,WIN
2024-03-16,PIT,NYR,NYR,0.7,NYR,WIN
2024-03-16,NYI,OTT,NYI,0.57,OTT,LOSS
2024-03-16,CGY,MTL,CGY,0.57,CGY,WIN
2024-03-17,STL,ANA,STL,0.58,STL,WIN
2024-03-17,OTT,CAR,OTT,0.57,CAR,LOSS
2024-03-17,NYR,NYI,NYR,0.55,NYR,WIN
2024-03-17,VGK,NJD,VGK,0.6288888888888888,VGK,WIN
2024-03-17,CHI,SJS,CHI,0.654,CHI,WIN
2024-03-18,CGY,WSH,CGY,0.6125893550893551,WSH,LOSS
2024-03-19,VAN,BUF,BUF,0.56,VAN,LOSS
2024-03-19,LAK,CHI,LAK,0.66,LAK,WIN
2024-03-19,EDM,MTL,EDM,0.67,EDM,WIN
2024-03-19,STL,COL,COL,0.65,COL,WIN
2024-03-19,NSH,SJS,NSH,0.64,NSH,WIN
2024-03-19,PHI,TOR,TOR,0.56,PHI,LOSS
2024-03-19,NYR,WPG,WPG,0.59,WPG,WIN
2024-03-19,BOS,OTT,BOS,0.6,BOS,WIN
2024-03-19,NYI,CAR,CAR,0.61,CAR,WIN
2024-03-20,LAK,MIN,LAK,0.611875,LAK,WIN
2024-03-20,WSH,TOR,TOR,0.7,TOR,WIN
2024-03-21,EDM,BUF,EDM,0.72,EDM,WIN
2024-03-21,FLA,NSH,FLA,0.61,NSH,LOSS
2024-03-21,VAN,MTL,VAN,0.58,VAN,WIN
2024-03-21,OTT,STL,OTT,0.58,STL,LOSS
2024-03-21,ANA,CHI,ANA,0.69,ANA,WIN
2024-03-21,CAR,PHI,CAR,0.76,CAR,WIN
2024-03-21,BOS,NYR,NYR,0.5956666666666667,NYR,WIN
2024-03-22,DAL,PIT,DAL,0.7,DAL,WIN
2024-03-23,VAN,CGY,VAN,0.59,VAN,WIN
2024-03-23,TOR,EDM,EDM,0.59,TOR,LOSS
2024-03-23,NJD,OTT,NJD,0.64,OTT,LOSS
2024-03-23,SJS,CHI,SJS,0.60625,CHI,LOSS
2024-03-23,MIN,STL,MIN,0.6857789269553975,STL,LOSS
2024-03-23,PHI,BOS,BOS,0.635,PHI,LOSS
2024-03-23,NYI,WPG,WPG,0.61,NYI,LOSS
2024-03-23,NSH,DET,DET,0.6,NSH,LOSS
2024-03-24,CGY,BUF,CGY,0.6366666666666666,BUF,LOSS
2024-03-24,PHI,FLA,FLA,0.6533333333333334,FLA,WIN
2024-03-24,COL,PIT,COL,0.63,COL,WIN
2024-03-24,WSH,WPG,WSH,0.6,WSH,WIN
2024-03-26,SJS,DAL,DAL,0.69,DAL,WIN
2024-03-26,COL,MTL,COL,0.69,MTL,LOSS
2024-03-26,CHI,CGY,CGY,0.7,CHI,LOSS
2024-03-26,NSH,VGK,VGK,0.64,NSH,LOSS
2024-03-26,NYR,PHI,PHI,0.65,NYR,LOSS
2024-03-26,WSH,DET,WSH,0.59,WSH,WIN
2024-03-26,PIT,CAR,CAR,0.69,PIT,LOSS
2024-03-26,FLA,BOS,BOS,0.6,BOS,WIN
2024-03-26,TOR,NJD,TOR,0.6546703296703297,NJD,LOSS
2024-03-27,BUF,OTT,BUF,0.58625,OTT,LOSS
2024-03-28,EDM,LAK,EDM,0.71,EDM,WIN
2024-03-28,COL,NYR,COL,0.65,NYR,LOSS
2024-03-28,WPG,VGK,WPG,0.5964761904761905,VGK,LOSS
2024-03-28,STL,CGY,STL,0.6487377899877899,STL,WIN
2024-03-28,MIN,SJS,MIN,0.73,MIN,WIN
2024-03-28,TOR,WSH,TOR,0.64,TOR,WIN
2024-03-28,OTT,CHI,OTT,0.72,OTT,WIN
2024-03-28,CAR,DET,CAR,0.63,CAR,WIN
2024-03-29,BUF,NJD,NJD,0.596,BUF,LOSS
2024-03-30,STL,SJS,STL,0.7,SJS,LOSS
2024-03-30,CGY,LAK,CGY,0.72,CGY,WIN
2024-03-30,WSH,BOS,BOS,0.7,BOS,WIN
2024-03-30,PHI,CHI,PHI,0.6,CHI,LOSS
2024-03-30,MIN,VGK,VGK,0.5577142857142857,VGK,WIN
2024-03-30,BUF,TOR,TOR,0.66,TOR,WIN
2024-03-30,COL,NSH,COL,0.73,COL,WIN
2024-03-30,EDM,ANA,EDM,0.74,EDM,WIN
2024-03-30,MTL,CAR,CAR,0.7,CAR,WIN
2024-03-31,VAN,ANA,VAN,0.56,VAN,WIN
2024-04-01,NYR,PIT,PIT,0.71,PIT,WIN
2024-04-01,TOR,FLA,FLA,0.63,TOR,LOSS
2024-04-02,VGK,VAN,VGK,0.6375,VGK,WIN
2024-04-02,CGY,ANA,ANA,0.6130769230769231,ANA,WIN
2024-04-02,NSH,BOS,BOS,0.59,BOS,WIN
2024-04-02,BUF,WSH,WSH,0.583125,BUF,LOSS
2024-04-02,NJD,PIT,NJD,0.7,PIT,LOSS
2024-04-02,MTL,FLA,FLA,0.61,MTL,LOSS
2024-04-02,NYI,CHI,NYI,0.62,NYI,WIN
2024-04-03,NYR,NJD,NYR,0.6154545454545455,NYR,WIN
2024-04-03,DAL,EDM,EDM,0.58,DAL,LOSS
2024-04-04,WPG,CGY,WPG,0.7,WPG,WIN
2024-04-04,SJS,LAK,LAK,0.63,LAK,WIN
2024-04-04,CAR,BOS,BOS,0.5539999999999999,BOS,WIN
2024-04-04,WSH,PIT,WSH,0.5792857142857143,PIT,LOSS
2024-04-04,OTT,FLA,FLA,0.69,FLA,WIN
2024-04-04,MIN,COL,COL,0.76,COL,WIN
2024-04-05,BUF,PHI,BUF,0.6183333333333334,BUF,WIN
2024-04-05,CAR,WSH,CAR,0.5775,CAR,WIN
2024-04-05,DET,NYR,NYR,0.56,NYR,WIN
2024-04-05,EDM,COL,COL,0.6,EDM,LOSS
2024-04-06,LAK,VAN,VAN,0.56,LAK,LOSS
2024-04-06,CGY,EDM,EDM,0.56,EDM,WIN
2024-04-06,NYI,NSH,NSH,0.58,NYI,LOSS
2024-04-06,MIN,WPG,WPG,0.605,WPG,WIN
2024-04-06,SJS,STL,STL,0.65,SJS,LOSS
2024-04-06,CHI,DAL,DAL,0.73,CHI,LOSS
2024-04-06,BOS,FLA,BOS,0.55,BOS,WIN
2024-04-06,MTL,TOR,TOR,0.6066666666666667,TOR,WIN
2024-04-07,ANA,STL,STL,0.6,STL,WIN
2024-04-07,COL,DAL,COL,0.71,DAL,LOSS
2024-04-07,NYR,MTL,NYR,0.65,NYR,WIN
2024-04-07,DET,BUF,DET,0.69,DET,WIN
2024-04-08,TOR,PIT,TOR,0.6092857142857143,TOR,WIN
2024-04-08,VAN,VGK,VGK,0.77,VAN,LOSS
2024-04-09,COL,MIN,COL,0.55,COL,WIN
2024-04-09,NSH,WPG,WPG,0.64,WPG,WIN
2024-04-09,NYI,NYR,NYR,0.63,NYI,LOSS
2024-04-09,DAL,BUF,DAL,0.72,DAL,WIN
2024-04-09,MTL,PHI,PHI,0.62,MTL,LOSS
2024-04-09,FLA,OTT,FLA,0.66,FLA,WIN
2024-04-09,DET,WSH,DET,0.6096843434343434,WSH,LOSS
2024-04-09,BOS,CAR,CAR,0.6597619047619048,CAR,WIN
2024-04-10,STL,CHI,STL,0.61,STL,WIN
2024-04-11,DAL,WPG,DAL,0.59,WPG,LOSS
2024-04-11,LAK,CGY,LAK,0.56,LAK,WIN
2024-04-11,TOR,NJD,NJD,0.6241666666666668,NJD,WIN
2024-04-11,NYR,PHI,NYR,0.64,PHI,LOSS
2024-04-11,BUF,WSH,WSH,0.583125,BUF,LOSS
2024-04-12,STL,CAR,CAR,0.5725,CAR,WIN
2024-04-12,CHI,NSH,NSH,0.69,NSH,WIN
2024-04-12,ANA,CGY,CGY,0.57,CGY,WIN
2024-04-13,SJS,MIN,MIN,0.59,MIN,WIN
2024-04-13,LAK,ANA,LAK,0.58,LAK,WIN
2024-04-13,EDM,VAN,VAN,0.66,VAN,WIN
2024-04-13,PIT,BOS,BOS,0.6,BOS,WIN
2024-04-13,TOR,DET,TOR,0.66,DET,LOSS
2024-04-13,PHI,NJD,PHI,0.7253846153846155,PHI,WIN
2024-04-13,COL,WPG,COL,0.55,WPG,LOSS
2024-04-13,NYR,NYI,NYR,0.61,NYR,WIN
2024-04-14,CHI,CAR,CAR,0.77,CAR,WIN
2024-04-15,EDM,SJS,EDM,0.82,EDM,WIN
2024-04-15,LAK,MIN,MIN,0.57,MIN,WIN
2024-04-15,WSH,BOS,BOS,0.66,WSH,LOSS
2024-04-15,NYR,OTT,NYR,0.67,NYR,WIN
2024-04-15,PIT,NSH,NSH,0.64,PIT,LOSS
2024-04-15,NJD,NYI,NJD,0.7,NYI,LOSS
2024-04-15,DET,MTL,DET,0.88,DET,WIN
2024-04-16,BOS,OTT,BOS,0.7561538461538462,OTT,LOSS
2024-04-16,MTL,DET,DET,0.56,DET,WIN
2024-04-16,PHI,WSH,WSH,0.63,WSH,WIN
2024-04-16,FLA,TOR,TOR,0.58,FLA,LOSS
2024-04-16,VGK,CHI,VGK,0.74,VGK,WIN
2024-04-16,VAN,CGY,VAN,0.5861538461538461,VAN,WIN
2024-04-17,DAL,STL,STL,0.61,DAL,LOSS
2024-04-18,LAK,CHI,LAK,0.58,LAK,WIN
2024-04-18,VGK,ANA,VGK,0.59,ANA,LOSS
2024-04-18,WPG,VAN,WPG,0.65,WPG,WIN
2024-04-18,CGY,SJS,CGY,0.71,CGY,WIN
2024-04-18,COL,EDM,COL,0.635,COL,WIN
2024-04-20,CAR,NYI,CAR,0.7,CAR,WIN
2024-04-20,BOS,TOR,BOS,0.6361538461538462,BOS,WIN
2024-04-21,NYR,WSH,WSH,0.61,NYR,LOSS
2024-04-21,VAN,NSH,VAN,0.6,VAN,WIN
2024-04-22,EDM,LAK,EDM,0.74,EDM,WIN
2024-04-22,CAR,NYI,CAR,0.7766666666666666,CAR,WIN
2024-04-22,BOS,TOR,BOS,0.76,TOR,LOSS
2024-04-22,DAL,VGK,DAL,0.7,VGK,LOSS
2024-04-23,NYR,WSH,WSH,0.61,NYR,LOSS
2024-04-23,VAN,NSH,VAN,0.61,NSH,LOSS
2024-04-24,TOR,BOS,BOS,0.56,BOS,WIN
2024-04-24,DAL,VGK,DAL,0.65,VGK,LOSS
2024-04-24,EDM,LAK,EDM,0.74,LAK,LOSS
2024-04-25,NYI,CAR,CAR,0.67,CAR,WIN
2024-04-26,WSH,NYR,WSH,0.58,NYR,LOSS
2024-04-26,LAK,EDM,EDM,0.66,EDM,WIN
2024-04-27,NYI,CAR,CAR,0.67,NYI,LOSS
2024-04-27,TOR,BOS,BOS,0.56,BOS,WIN
2024-04-28,WSH,NYR,WSH,0.58,NYR,LOSS
2024-04-28,LAK,EDM,EDM,0.66,EDM,WIN
2024-04-30,VAN,NSH,VAN,0.61,NSH,LOSS
2024-04-30,CAR,NYI,CAR,0.7766666666666666,CAR,WIN
2024-04-30,BOS,TOR,BOS,0.76,TOR,LOSS
2024-05-01,DAL,VGK,DAL,0.65,DAL,WIN
2024-05-01,EDM,LAK,EDM,0.74,EDM,WIN
2024-05-02,TOR,BOS,BOS,0.56,TOR,LOSS
2024-05-04,BOS,TOR,BOS,0.76,BOS,WIN
2024-05-05,DAL,VGK,DAL,0.65,DAL,WIN
2024-05-08,VAN,EDM,EDM,0.77,VAN,LOSS
2024-05-09,CAR,NYR,NYR,0.5642857142857143,NYR,WIN
2024-05-10,BOS,FLA,FLA,0.59,FLA,WIN
2024-05-10,VAN,EDM,EDM,0.77,EDM,WIN
2024-05-11,CAR,NYR,NYR,0.5642857142857143,CAR,LOSS
2024-05-11,COL,DAL,COL,0.58,DAL,LOSS
2024-05-12,EDM,VAN,EDM,0.5577777777777778,VAN,LOSS
2024-05-12,BOS,FLA,FLA,0.59,FLA,WIN
2024-05-13,COL,DAL,COL,0.58,DAL,LOSS
2024-05-14,EDM,VAN,EDM,0.5577777777777778,EDM,WIN
2024-05-16,CAR,NYR,NYR,0.5642857142857143,NYR,WIN
2024-05-16,VAN,EDM,EDM,0.77,VAN,LOSS
2024-05-17,BOS,FLA,FLA,0.59,FLA,WIN
2024-05-17,COL,DAL,COL,0.58,DAL,LOSS
2024-05-18,EDM,VAN,EDM,0.5577777777777778,EDM,WIN
2024-05-20,VAN,EDM,EDM,0.77,EDM,WIN
2024-05-22,NYR,FLA,NYR,0.6,FLA,LOSS
2024-05-23,DAL,EDM,EDM,0.56,EDM,WIN
2024-05-24,NYR,FLA,NYR,0.6,NYR,WIN
2024-05-25,DAL,EDM,EDM,0.56,DAL,LOSS
2024-05-27,EDM,DAL,EDM,0.6,DAL,LOSS
2024-05-29,EDM,DAL,EDM,0.6,EDM,WIN
2024-05-30,NYR,FLA,NYR,0.6,FLA,LOSS
2024-05-31,DAL,EDM,EDM,0.56,EDM,WIN
2024-06-02,EDM,DAL,EDM,0.6,EDM,WIN
2024-06-08,FLA,EDM,EDM,0.62,FLA,LOSS
2024-06-10,FLA,EDM,EDM,0.62,FLA,LOSS
2024-06-13,EDM,FLA,FLA,0.55,FLA,WIN
2024-06-15,EDM,FLA,FLA,0.55,EDM,LOSS
2024-06-18,FLA,EDM,EDM,0.62,EDM,WIN
2024-06-21,EDM,FLA,FLA,0.55,EDM,LOSS
2024-06-24,FLA,EDM,EDM,0.62,FLA,LOSS
2024-09-21,BUF,PIT,BUF,0.6444444444444444,BUF,WIN
2024-09-21,DAL,STL,DAL,0.73,DAL,WIN
2024-09-21,WPG,MIN,WPG,0.77,MIN,LOSS
2024-09-22,SJS,VGK,VGK,0.66,VGK,WIN
2024-09-22,NJD,NYI,NJD,0.57,NYI,LOSS
2024-09-22,WSH,PHI,WSH,0.67,PHI,LOSS
2024-09-22,BOS,NYR,BOS,0.5757142857142857,NYR,LOSS
2024-09-22,FLA,NSH,FLA,0.59,FLA,WIN
2024-09-22,EDM,WPG,EDM,0.6977777777777777,EDM,WIN
2024-09-23,MTL,PHI,PHI,0.57,MTL,LOSS
2024-09-23,EDM,CGY,EDM,0.75,CGY,LOSS
2024-09-23,COL,DAL,COL,0.58,DAL,LOSS
2024-09-23,CGY,EDM,EDM,0.79,CGY,LOSS
2024-09-24,BOS,WSH,BOS,0.6,BOS,WIN
2024-09-24,OTT,TOR,TOR,0.6221489621489622,OTT,LOSS
2024-09-24,PIT,BUF,PIT,0.61,BUF,LOSS
2024-09-24,MTL,NJD,NJD,0.61,MTL,LOSS
2024-09-24,NYR,NYI,NYR,0.8264285714285714,NYR,WIN
2024-09-25,NJD,WSH,NJD,0.57,WSH,LOSS
2024-09-25,CHI,DET,DET,0.66,DET,WIN
2024-09-25,WPG,EDM,EDM,0.65,WPG,LOSS
2024-09-25,DAL,MIN,DAL,0.6,DAL,WIN
2024-09-25,VAN,CGY,VAN,0.76,VAN,WIN
2024-09-25,VGK,LAK,VGK,0.6358333333333334,LAK,LOSS
2024-09-26,PHI,NYI,PHI,0.56,PHI,WIN
2024-09-26,NYR,BOS,BOS,0.69,NYR,LOSS
2024-09-26,OTT,BUF,BUF,0.6041666666666667,BUF,WIN
2024-09-26,TOR,MTL,TOR,0.57,TOR,WIN
2024-09-27,CAR,FLA,CAR,0.64,CAR,WIN
2024-09-27,DET,CHI,DET,0.64,DET,WIN
2024-09-27,NYI,NJD,NJD,0.6,NYI,LOSS
2024-09-27,MIN,WPG,WPG,0.6458333333333335,MIN,LOSS
2024-09-28,CGY,VAN,VAN,0.56,CGY,LOSS
2024-09-28,STL,CHI,STL,0.76,STL,WIN
2024-09-28,MTL,TOR,TOR,0.63,TOR,WIN
2024-09-28,PHI,BOS,BOS,0.6897222222222222,PHI,LOSS
2024-09-28,FLA,CAR,FLA,0.62,FLA,WIN
2024-09-28,LAK,ANA,LAK,0.78,LAK,WIN
2024-09-30,EDM,VAN,EDM,0.61,EDM,WIN
2024-09-30,NYI,PHI,NYI,0.7475,NYI,WIN
2024-09-30,BUF,DET,BUF,0.556,BUF,WIN
2024-09-30,DET,PIT,DET,0.75,PIT,LOSS
2024-09-30,NJD,NYR,NYR,0.62,NJD,LOSS
2024-10-01,PIT,DET,DET,0.59,DET,WIN
2024-10-01,NYR,NJD,NYR,0.83,NYR,WIN
2024-10-01,MTL,OTT,OTT,0.64,OTT,WIN
2024-10-01,BOS,PHI,BOS,0.61,BOS,WIN
2024-10-01,MIN,CHI,MIN,0.76,MIN,WIN
2024-10-01,COL,VGK,COL,0.67,VGK,LOSS
2024-10-02,CAR,NSH,NSH,0.61,NSH,WIN
2024-10-02,WPG,CGY,WPG,0.7288888888888888,WPG,WIN
2024-10-03,STL,DAL,DAL,0.585,STL,LOSS
2024-10-03,LAK,BOS,BOS,0.6522222222222223,LAK,LOSS
2024-10-03,VGK,COL,VGK,0.66,COL,LOSS
2024-10-03,PHI,NJD,PHI,0.7583730158730159,PHI,WIN
2024-10-03,DET,TOR,DET,0.57,TOR,LOSS
2024-10-04,BUF,NJD,BUF,0.57,NJD,LOSS
2024-10-04,NYI,NYR,NYR,0.62,NYI,LOSS
2024-10-04,DET,OTT,DET,0.75,OTT,LOSS
2024-10-04,CHI,MIN,MIN,0.72,MIN,WIN
2024-10-04,CGY,WPG,WPG,0.69,WPG,WIN
2024-10-04,SJS,ANA,ANA,0.64,ANA,WIN
2024-10-04,VAN,EDM,EDM,0.59,VAN,LOSS
2024-10-05,VGK,SJS,VGK,0.62,SJS,LOSS
2024-10-05,CHI,STL,STL,0.65,CHI,LOSS
2024-10-05,LAK,FLA,LAK,0.63,FLA,LOSS
2024-10-05,OTT,MTL,OTT,0.5666666666666668,OTT,WIN
2024-10-05,TOR,DET,DET,0.56,TOR,LOSS
2024-10-05,NSH,CAR,CAR,0.74,CAR,WIN
2024-10-08,FLA,BOS,FLA,0.6064285714285714,FLA,WIN
2024-10-09,MTL,TOR,TOR,0.63,MTL,LOSS
2024-10-09,EDM,WPG,EDM,0.74,WPG,LOSS
2024-10-09,VAN,CGY,VAN,0.81,CGY,LOSS
2024-10-09,VGK,COL,VGK,0.66,VGK,WIN
2024-10-10,NSH,DAL,DAL,0.6496243756243757,DAL,WIN
2024-10-10,SJS,STL,STL,0.63,STL,WIN
2024-10-10,DET,PIT,DET,0.75,PIT,LOSS
2024-10-10,BOS,MTL,BOS,0.67,BOS,WIN
2024-10-10,OTT,FLA,FLA,0.57,OTT,LOSS
2024-10-10,NJD,TOR,TOR,0.5628571428571428,TOR,WIN
2024-10-10,BUF,LAK,BUF,0.6001913875598086,LAK,LOSS
2024-10-11,WPG,CHI,WPG,0.81,WPG,WIN
2024-10-11,VAN,PHI,VAN,0.61,PHI,LOSS
2024-10-11,VGK,STL,VGK,0.6219770923520923,VGK,WIN
2024-10-12,WSH,NJD,WSH,0.57,NJD,LOSS
2024-10-12,SJS,ANA,ANA,0.64,ANA,WIN
2024-10-12,EDM,CHI,EDM,0.72,CHI,LOSS
2024-10-12,CGY,PHI,CGY,0.7075,CGY,WIN
2024-10-12,DAL,NYI,DAL,0.71,DAL,WIN
2024-10-12,DET,NSH,NSH,0.61,DET,LOSS
2024-10-12,MTL,OTT,OTT,0.64,MTL,LOSS
2024-10-12,TOR,PIT,PIT,0.64,TOR,LOSS
2024-10-12,BOS,LAK,LAK,0.56,BOS,LOSS
2024-10-13,EDM,CGY,EDM,0.63,CGY,LOSS
2024-10-13,VGK,ANA,VGK,0.59,VGK,WIN
2024-10-14,MTL,PIT,PIT,0.74,PIT,WIN
2024-10-14,COL,NYI,COL,0.8,NYI,LOSS
2024-10-14,NYR,DET,NYR,0.61,NYR,WIN
2024-10-14,BOS,FLA,FLA,0.66,FLA,WIN
2024-10-14,OTT,LAK,OTT,0.68,OTT,WIN
2024-10-15,CAR,NJD,CAR,0.76,CAR,WIN
2024-10-15,DAL,SJS,DAL,0.64,DAL,WIN
2024-10-15,CGY,CHI,CGY,0.78,CGY,WIN
2024-10-15,EDM,PHI,EDM,0.75,EDM,WIN
2024-10-16,TOR,LAK,TOR,0.6,TOR,WIN
2024-10-16,COL,BOS,COL,0.57,BOS,LOSS
2024-10-17,MTL,LAK,MTL,0.57,LAK,LOSS
2024-10-17,OTT,NJD,NJD,0.58,NJD,WIN
2024-10-17,FLA,VAN,VAN,0.6378712121212121,VAN,WIN
2024-10-17,WSH,DAL,DAL,0.59,WSH,LOSS
2024-10-17,DET,NYR,DET,0.55,NYR,LOSS
2024-10-17,STL,NYI,STL,0.6183333333333334,STL,WIN
2024-10-17,NSH,EDM,NSH,0.59,EDM,LOSS
2024-10-17,CHI,SJS,CHI,0.61,CHI,WIN
2024-10-18,COL,ANA,COL,0.76,COL,WIN
2024-10-18,WPG,SJS,WPG,0.71,WPG,WIN
2024-10-18,PIT,CAR,PIT,0.65,CAR,LOSS
2024-10-19,STL,CAR,STL,0.62,STL,WIN
2024-10-19,NYI,MTL,NYI,0.6559999999999999,NYI,WIN
2024-10-19,TOR,NYR,NYR,0.55,NYR,WIN
2024-10-19,FLA,VGK,FLA,0.7,FLA,WIN
2024-10-19,DAL,EDM,EDM,0.57,DAL,LOSS
2024-10-20,WPG,PIT,WPG,0.64,WPG,WIN
2024-10-20,SJS,COL,COL,0.81,COL,WIN
2024-10-20,ANA,LAK,LAK,0.69,LAK,WIN
2024-10-22,EDM,CAR,EDM,0.59,CAR,LOSS
2024-10-22,VGK,LAK,LAK,0.6,VGK,LOSS
2024-10-22,CGY,PIT,PIT,0.7,CGY,LOSS
2024-10-22,CHI,VAN,VAN,0.6,VAN,WIN
2024-10-22,MTL,NYR,MTL,0.55,NYR,LOSS
2024-10-22,FLA,MIN,FLA,0.79,MIN,LOSS
2024-10-22,PHI,WSH,WSH,0.5923076923076923,WSH,WIN
2024-10-22,STL,WPG,WPG,0.6227272727272727,WPG,WIN
2024-10-23,WSH,PHI,PHI,0.58375,WSH,LOSS
2024-10-24,LAK,SJS,LAK,0.69,LAK,WIN
2024-10-24,CGY,CAR,CGY,0.56,CAR,LOSS
2024-10-24,BOS,DAL,DAL,0.6,DAL,WIN
2024-10-25,CHI,NSH,NSH,0.79,NSH,WIN
2024-10-25,EDM,PIT,EDM,0.63,EDM,WIN
2024-10-26,NYI,FLA,NYI,0.59,FLA,LOSS
2024-10-26,VGK,SJS,VGK,0.66,VGK,WIN
2024-10-26,DAL,CHI,DAL,0.74,DAL,WIN
2024-10-26,CGY,WPG,WPG,0.7,WPG,WIN
2024-10-26,MTL,STL,STL,0.67,MTL,LOSS
2024-10-26,PHI,MIN,PHI,0.58,PHI,WIN
2024-10-26,NYR,ANA,NYR,0.816,NYR,WIN
2024-10-26,BUF,DET,BUF,0.6852678571428572,BUF,WIN
2024-10-27,DET,EDM,EDM,0.64,EDM,WIN
2024-10-27,NJD,ANA,NJD,0.73,NJD,WIN
2024-10-27,PHI,MTL,PHI,0.7,MTL,LOSS
2024-10-27,COL,OTT,COL,0.62,COL,WIN
2024-10-28,VGK,CGY,VGK,0.7453333333333333,VGK,WIN
2024-10-28,COL,CHI,COL,0.7,CHI,LOSS
2024-10-28,VAN,CAR,CAR,0.5621904761904762,CAR,WIN
2024-10-28,BUF,FLA,BUF,0.63,FLA,LOSS
2024-10-29,OTT,STL,STL,0.6545454545454545,OTT,LOSS
2024-10-29,NYI,ANA,NYI,0.76,ANA,LOSS
2024-10-29,PIT,MIN,MIN,0.71,MIN,WIN
2024-10-29,WSH,NYR,NYR,0.6428571428571428,WSH,LOSS
2024-10-29,SJS,LAK,LAK,0.6,SJS,LOSS
2024-10-30,LAK,VGK,VGK,0.5838333333333333,LAK,LOSS
2024-10-30,VAN,NJD,VAN,0.63,NJD,LOSS
2024-10-31,SJS,CHI,SJS,0.59,SJS,WIN
2024-10-31,CAR,BOS,CAR,0.58,CAR,WIN
2024-10-31,PHI,STL,STL,0.61625,PHI,LOSS
2024-10-31,PIT,ANA,PIT,0.65,PIT,WIN
2024-11-01,DAL,FLA,FLA,0.74,FLA,WIN
2024-11-01,BUF,NYI,BUF,0.6371428571428571,NYI,LOSS
2024-11-01,NYR,OTT,NYR,0.73,NYR,WIN
2024-11-02,NSH,COL,COL,0.56,NSH,LOSS
2024-11-02,PIT,MTL,PIT,0.6,PIT,WIN
2024-11-02,LAK,CHI,LAK,0.85,CHI,LOSS
2024-11-02,DET,BUF,DET,0.6223809523809524,DET,WIN
2024-11-03,NYR,NYI,NYR,0.8,NYR,WIN
2024-11-03,CAR,WSH,CAR,0.75,CAR,WIN
2024-11-03,MIN,TOR,MIN,0.59,MIN,WIN
2024-11-03,CGY,EDM,EDM,0.61,EDM,WIN
2024-11-03,ANA,CHI,ANA,0.71,CHI,LOSS
2024-11-04,NSH,LAK,NSH,0.65,LAK,LOSS
2024-11-05,MIN,LAK,MIN,0.7004845154845154,LAK,LOSS
2024-11-05,ANA,VAN,VAN,0.71,VAN,WIN
2024-11-05,NYI,PIT,NYI,0.59,NYI,WIN
2024-11-05,MTL,CGY,CGY,0.56,CGY,WIN
2024-11-05,TOR,BOS,BOS,0.5569166666666666,TOR,LOSS
2024-11-05,BUF,OTT,BUF,0.7657777777777778,BUF,WIN
2024-11-06,WSH,NSH,WSH,0.58,WSH,WIN
2024-11-06,CHI,DET,DET,0.56,DET,WIN
2024-11-07,SJS,MIN,MIN,0.68,MIN,WIN
2024-11-07,WPG,COL,COL,0.6,WPG,LOSS
2024-11-07,DAL,CHI,DAL,0.81,DAL,WIN
2024-11-07,CAR,PIT,CAR,0.72,CAR,WIN
2024-11-07,NJD,MTL,NJD,0.66,NJD,WIN
2024-11-07,FLA,NSH,FLA,0.55,FLA,WIN
2024-11-07,BOS,CGY,BOS,0.69,BOS,WIN
2024-11-07,NYR,BUF,NYR,0.78,BUF,LOSS
2024-11-08,ANA,MIN,MIN,0.62,MIN,WIN
2024-11-09,STL,WSH,STL,0.5585584415584416,WSH,LOSS
2024-11-09,DET,NYR,NYR,0.73,NYR,WIN
2024-11-09,FLA,PHI,FLA,0.77,FLA,WIN
2024-11-09,BOS,OTT,BOS,0.64,OTT,LOSS
2024-11-09,WPG,DAL,DAL,0.63,WPG,LOSS
2024-11-09,BUF,CGY,BUF,0.6780306915306915,BUF,WIN
2024-11-09,TOR,MTL,TOR,0.6,TOR,WIN
2024-11-10,NJD,SJS,NJD,0.64,SJS,LOSS
2024-11-11,COL,NSH,COL,0.55,COL,WIN
2024-11-11,CGY,LAK,CGY,0.6463589743589744,CGY,WIN
2024-11-11,PHI,SJS,PHI,0.63,PHI,WIN
2024-11-11,BUF,MTL,BUF,0.75,MTL,LOSS
2024-11-12,VAN,CGY,VAN,0.7,VAN,WIN
2024-11-12,NYR,WPG,NYR,0.55,WPG,LOSS
2024-11-12,FLA,NJD,FLA,0.57,NJD,LOSS
2024-11-12,STL,BOS,BOS,0.61,BOS,WIN
2024-11-13,COL,LAK,COL,0.64,COL,WIN
2024-11-13,PIT,DET,DET,0.64,DET,WIN
2024-11-14,OTT,PHI,OTT,0.6,PHI,LOSS
2024-11-14,FLA,NJD,FLA,0.57,NJD,LOSS
2024-11-14,NYR,SJS,NYR,0.88,NYR,WIN
2024-11-14,BUF,STL,BUF,0.6099350649350649,BUF,WIN
2024-11-14,MIN,MTL,MIN,0.66,MIN,WIN
2024-11-14,EDM,NSH,NSH,0.6,EDM,LOSS
2024-11-14,VAN,NYI,VAN,0.75,NYI,LOSS
2024-11-15,ANA,DET,DET,0.62,ANA,LOSS
2024-11-15,COL,WSH,COL,0.63,WSH,LOSS
2024-11-15,CGY,NSH,NSH,0.62,CGY,LOSS
2024-11-16,VAN,CHI,VAN,0.68,VAN,WIN
2024-11-16,TOR,EDM,EDM,0.71,TOR,LOSS
2024-11-16,FLA,WPG,WPG,0.63,FLA,LOSS
2024-11-16,PHI,BUF,BUF,0.6,PHI,LOSS
2024-11-16,PIT,SJS,PIT,0.75,PIT,WIN
2024-11-16,CAR,OTT,CAR,0.92,CAR,WIN
2024-11-16,MIN,DAL,DAL,0.58,DAL,WIN
2024-11-16,LAK,DET,LAK,0.58,LAK,WIN
2024-11-17,CAR,STL,CAR,0.63,CAR,WIN
2024-11-18,MTL,EDM,EDM,0.74,MTL,LOSS
2024-11-18,DAL,ANA,DAL,0.66,ANA,LOSS
2024-11-18,SJS,DET,DET,0.84,SJS,LOSS
2024-11-19,CHI,ANA,CHI,0.55,ANA,LOSS
2024-11-19,STL,MIN,MIN,0.6245704295704296,MIN,WIN
2024-11-19,WPG,FLA,FLA,0.6,WPG,LOSS
2024-11-19,CGY,NYI,CGY,0.57,CGY,WIN
2024-11-19,VAN,NYR,VAN,0.64,NYR,LOSS
2024-11-20,LAK,BUF,BUF,0.56375,BUF,WIN
2024-11-20,DAL,SJS,DAL,0.85,DAL,WIN
2024-11-20,PHI,CAR,CAR,0.58,CAR,WIN
2024-11-21,CHI,FLA,FLA,0.56,CHI,LOSS
2024-11-21,CGY,NYR,NYR,0.62,CGY,LOSS
2024-11-21,STL,SJS,STL,0.78,STL,WIN
2024-11-21,NJD,CAR,CAR,0.64,NJD,LOSS
2024-11-21,DET,NYI,DET,0.57,DET,WIN
2024-11-21,OTT,VGK,VGK,0.61,VGK,WIN
2024-11-22,ANA,BUF,BUF,0.72,BUF,WIN
2024-11-22,PIT,WPG,PIT,0.58,WPG,LOSS
2024-11-23,PHI,CHI,PHI,0.71,PHI,WIN
2024-11-23,CGY,MIN,CGY,0.6175,CGY,WIN
2024-11-23,FLA,COL,COL,0.59,COL,WIN
2024-11-23,MTL,VGK,VGK,0.6,VGK,WIN
2024-11-23,OTT,VAN,VAN,0.71,VAN,WIN
2024-11-23,WSH,NJD,NJD,0.55,NJD,WIN
2024-11-23,NSH,WPG,WPG,0.56,NSH,LOSS
2024-11-23,NYI,STL,NYI,0.6169230769230769,NYI,WIN
2024-11-23,SJS,BUF,BUF,0.6833333333333332,BUF,WIN
2024-11-23,EDM,NYR,EDM,0.57,EDM,WIN
2024-11-25,MIN,WPG,WPG,0.73,WPG,WIN
2024-11-25,NYI,DET,DET,0.57,DET,WIN
2024-11-25,OTT,CGY,OTT,0.56,OTT,WIN
2024-11-25,NYR,STL,NYR,0.77,STL,LOSS
2024-11-25,PHI,VGK,VGK,0.63,VGK,WIN
2024-11-25,FLA,WSH,FLA,0.67,WSH,LOSS
2024-11-25,CAR,DAL,DAL,0.64,CAR,LOSS
2024-11-26,BOS,VAN,VAN,0.6677272727272728,VAN,WIN
2024-11-27,NSH,PHI,NSH,0.6,PHI,LOSS
2024-11-27,SJS,OTT,OTT,0.62,OTT,WIN
2024-11-27,LAK,WPG,WPG,0.7155555555555556,LAK,LOSS
2024-11-27,COL,VGK,VGK,0.6623846153846153,COL,LOSS
2024-11-27,CHI,DAL,DAL,0.77,CHI,LOSS
2024-11-27,PIT,VAN,VAN,0.68,PIT,LOSS
2024-11-27,FLA,TOR,FLA,0.6973055555555555,FLA,WIN
2024-11-27,DET,CGY,DET,0.5869230769230769,DET,WIN
2024-11-27,BUF,MIN,MIN,0.644753663003663,MIN,WIN
2024-11-27,NYI,BOS,BOS,0.58,BOS,WIN
2024-11-29,DAL,COL,COL,0.55,DAL,LOSS
2024-11-29,VGK,WPG,WPG,0.68,VGK,LOSS
2024-11-29,BOS,PIT,PIT,0.56,PIT,WIN
2024-11-29,ANA,LAK,LAK,0.6,LAK,WIN
2024-11-29,WSH,NYI,WSH,0.61,WSH,WIN
2024-11-29,BUF,VAN,VAN,0.63,VAN,WIN
2024-11-29,MIN,CHI,MIN,0.77,MIN,WIN
2024-11-29,PHI,NYR,NYR,0.72,PHI,LOSS
2024-11-29,DET,NJD,DET,0.7,NJD,LOSS
2024-11-30,MIN,NSH,NSH,0.6460576923076923,MIN,LOSS
2024-11-30,LAK,OTT,LAK,0.69,LAK,WIN
2024-11-30,NJD,WSH,WSH,0.6423076923076922,WSH,WIN
2024-11-30,STL,PHI,STL,0.55,PHI,LOSS
2024-11-30,NYR,MTL,NYR,0.67,NYR,WIN
2024-12-01,DET,VAN,VAN,0.66,VAN,WIN
2024-12-01,BOS,MTL,BOS,0.63,BOS,WIN
2024-12-01,DAL,WPG,WPG,0.56,DAL,LOSS
2024-12-02,TOR,CHI,TOR,0.82,TOR,WIN
2024-12-02,NYR,NJD,NYR,0.8,NJD,LOSS
2024-12-03,VGK,EDM,EDM,0.56625,VGK,LOSS
2024-12-03,BOS,DET,BOS,0.59,BOS,WIN
2024-12-03,BUF,COL,COL,0.59,COL,WIN
2024-12-03,WSH,SJS,WSH,0.7,SJS,LOSS
2024-12-03,MIN,VAN,VAN,0.5641666666666667,MIN,LOSS
2024-12-03,WPG,STL,WPG,0.62,STL,LOSS
2024-12-04,ANA,VGK,VGK,0.76,VGK,WIN
2024-12-04,LAK,DAL,DAL,0.6655555555555556,LAK,LOSS
2024-12-04,TOR,NSH,NSH,0.6836363636363636,TOR,LOSS
2024-12-04,CHI,BOS,BOS,0.74,BOS,WIN
2024-12-05,BUF,WPG,WPG,0.68,WPG,WIN
2024-12-05,MTL,NSH,NSH,0.65,MTL,LOSS
2024-12-05,OTT,DET,DET,0.6,OTT,LOSS
2024-12-05,PHI,FLA,FLA,0.64,FLA,WIN
2024-12-06,VGK,DAL,DAL,0.57,VGK,LOSS
2024-12-06,ANA,MIN,MIN,0.66,MIN,WIN
2024-12-06,TOR,WSH,TOR,0.67,WSH,LOSS
2024-12-06,NYR,PIT,NYR,0.66,NYR,WIN
2024-12-07,BOS,PHI,BOS,0.57,BOS,WIN
2024-12-07,CHI,WPG,WPG,0.58,WPG,WIN
2024-12-07,NYI,CAR,CAR,0.7475,NYI,LOSS
2024-12-07,FLA,SJS,FLA,0.65,FLA,WIN
2024-12-07,MTL,WSH,WSH,0.5815384615384616,WSH,WIN
2024-12-07,OTT,NSH,OTT,0.67,OTT,WIN
2024-12-07,LAK,MIN,LAK,0.6417108585858585,LAK,WIN
2024-12-08,NJD,COL,COL,0.72,COL,WIN
2024-12-08,DAL,CGY,DAL,0.81,DAL,WIN
2024-12-08,OTT,NYI,NYI,0.61,NYI,WIN
2024-12-09,MTL,ANA,MTL,0.67,MTL,WIN
2024-12-09,NYR,CHI,NYR,0.87,CHI,LOSS
2024-12-09,BUF,DET,BUF,0.5633333333333334,DET,LOSS
2024-12-10,NJD,TOR,TOR,0.57,TOR,WIN
2024-12-10,PIT,COL,COL,0.69,COL,WIN
2024-12-10,CAR,SJS,CAR,0.83,CAR,WIN
2024-12-10,NYI,LAK,NYI,0.64,LAK,LOSS
2024-12-10,NSH,CGY,NSH,0.56,CGY,LOSS
2024-12-10,WPG,BOS,BOS,0.56,WPG,LOSS
2024-12-11,BUF,NYR,BUF,0.62,NYR,LOSS
2024-12-11,OTT,ANA,OTT,0.81,OTT,WIN
2024-12-12,VAN,FLA,FLA,0.64,VAN,LOSS
2024-12-12,WPG,VGK,WPG,0.55,VGK,LOSS
2024-12-12,DAL,NSH,DAL,0.58,NSH,LOSS
2024-12-12,STL,SJS,STL,0.64,SJS,LOSS
2024-12-12,PHI,DET,PHI,0.5638434343434343,PHI,WIN
2024-12-12,MTL,PIT,PIT,0.57,PIT,WIN
2024-12-12,TOR,ANA,TOR,0.64,TOR,WIN
2024-12-12,NYI,CHI,NYI,0.9,NYI,WIN
2024-12-13,CAR,OTT,CAR,0.77,OTT,LOSS
2024-12-14,WPG,MTL,WPG,0.61,WPG,WIN
2024-12-14,CGY,FLA,FLA,0.61,CGY,LOSS
2024-12-14,COL,NSH,COL,0.72,COL,WIN
2024-12-14,DAL,STL,STL,0.62,DAL,LOSS
2024-12-14,WSH,BUF,BUF,0.5641315789473684,WSH,LOSS
2024-12-14,NJD,CHI,NJD,0.75,NJD,WIN
2024-12-14,EDM,VGK,VGK,0.754,EDM,LOSS
2024-12-14,NYR,LAK,NYR,0.63,LAK,LOSS
2024-12-14,DET,TOR,DET,0.61,DET,WIN
2024-12-15,CHI,NYI,NYI,0.69,CHI,LOSS
2024-12-15,TOR,BUF,TOR,0.5668333333333334,TOR,WIN
2024-12-15,STL,NYR,STL,0.56,STL,WIN
2024-12-15,MIN,VGK,VGK,0.62,VGK,WIN
2024-12-16,EDM,FLA,FLA,0.59,FLA,WIN
2024-12-17,CHI,WSH,WSH,0.55,CHI,LOSS
2024-12-17,NSH,NYR,NYR,0.66,NSH,LOSS
2024-12-17,SJS,WPG,WPG,0.66,WPG,WIN
2024-12-17,CAR,NYI,CAR,0.59,CAR,WIN
2024-12-17,PIT,LAK,PIT,0.58,PIT,WIN
2024-12-17,MTL,BUF,BUF,0.56,MTL,LOSS
2024-12-17,STL,NJD,NJD,0.58,NJD,WIN
2024-12-18,DET,PHI,DET,0.5666666666666667,DET,WIN
2024-12-18,MIN,FLA,FLA,0.55,FLA,WIN
2024-12-18,ANA,WPG,WPG,0.83,ANA,LOSS
2024-12-19,SJS,COL,COL,0.89,COL,WIN
2024-12-19,VGK,VAN,VAN,0.62,VGK,LOSS
2024-12-19,CGY,OTT,CGY,0.57,OTT,LOSS
2024-12-20,FLA,STL,STL,0.59,FLA,LOSS
2024-12-20,WSH,CAR,WSH,0.62,WSH,WIN
2024-12-20,ANA,COL,COL,0.74,COL,WIN
2024-12-21,VAN,OTT,VAN,0.6,OTT,LOSS
2024-12-21,NJD,PIT,PIT,0.64,NJD,LOSS
2024-12-21,MTL,DET,DET,0.68,MTL,LOSS
2024-12-21,EDM,SJS,EDM,0.72,EDM,WIN
2024-12-21,CGY,CHI,CGY,0.79,CGY,WIN
2024-12-22,NYR,CAR,NYR,0.55,CAR,LOSS
2024-12-23,VGK,ANA,VGK,0.68,VGK,WIN
2024-12-23,VAN,SJS,VAN,0.74,VAN,WIN
2024-12-23,MIN,CHI,MIN,0.8,MIN,WIN
2024-12-23,NSH,CAR,CAR,0.62,NSH,LOSS
2024-12-23,DET,STL,DET,0.695,STL,LOSS
2024-12-23,BOS,WSH,BOS,0.6048484848484849,BOS,WIN
2024-12-23,TOR,WPG,WPG,0.6,WPG,WIN
2024-12-23,NJD,NYR,NYR,0.56,NJD,LOSS
2024-12-23,PIT,PHI,PIT,0.57,PIT,WIN
2024-12-27,BUF,CHI,BUF,0.9,BUF,WIN
2024-12-27,STL,NSH,STL,0.55,STL,WIN
2024-12-27,DAL,MIN,MIN,0.6021515151515152,MIN,WIN
2024-12-27,SJS,VGK,VGK,0.81,VGK,WIN
2024-12-28,WPG,OTT,WPG,0.63,WPG,WIN
2024-12-28,ANA,PHI,PHI,0.6576923076923077,PHI,WIN
2024-12-28,LAK,EDM,EDM,0.66,LAK,LOSS
2024-12-28,TOR,WSH,TOR,0.5852988816738816,WSH,LOSS
2024-12-28,FLA,MTL,FLA,0.62,MTL,LOSS
2024-12-29,MIN,OTT,MIN,0.59,OTT,LOSS
2024-12-29,DET,WSH,DET,0.625,DET,WIN
2024-12-29,ANA,EDM,EDM,0.86,ANA,LOSS
2024-12-29,PIT,NYI,NYI,0.64,PIT,LOSS
2024-12-30,FLA,NYR,NYR,0.7,FLA,LOSS
2024-12-31,MIN,NSH,MIN,0.5614126984126985,MIN,WIN
2024-12-31,CGY,VAN,VAN,0.57,CGY,LOSS
2024-12-31,ANA,NJD,NJD,0.61,ANA,LOSS
2024-12-31,DAL,BUF,DAL,0.68,DAL,WIN
2024-12-31,CHI,STL,STL,0.58,STL,WIN
2024-12-31,VGK,MTL,VGK,0.7,MTL,LOSS
2024-12-31,TOR,NYI,TOR,0.6,TOR,WIN
2024-12-31,WSH,BOS,BOS,0.59,WSH,LOSS
2024-12-31,DET,PIT,DET,0.66,DET,WIN
2025-01-01,LAK,NJD,LAK,0.58,LAK,WIN
2025-01-02,VGK,PHI,VGK,0.62,VGK,WIN
2025-01-02,COL,BUF,COL,0.62,COL,WIN
2025-01-02,WPG,ANA,WPG,0.82,ANA,LOSS
2025-01-02,DAL,OTT,DAL,0.55,DAL,WIN
2025-01-02,NYR,BOS,NYR,0.58,NYR,WIN
2025-01-02,NYI,TOR,TOR,0.65,TOR,WIN
2025-01-03,FLA,PIT,FLA,0.68,FLA,WIN
2025-01-03,CHI,MTL,MTL,0.55,CHI,LOSS
2025-01-03,STL,OTT,STL,0.6,STL,WIN
2025-01-03,EDM,ANA,EDM,0.75,EDM,WIN
2025-01-04,COL,MTL,COL,0.73,MTL,LOSS
2025-01-04,VGK,BUF,VGK,0.65,VGK,WIN
2025-01-04,CAR,MIN,CAR,0.57,MIN,LOSS
2025-01-04,CGY,NSH,CGY,0.73,NSH,LOSS
2025-01-04,WPG,DET,WPG,0.65,DET,LOSS
2025-01-04,SJS,NJD,NJD,0.63,SJS,LOSS
2025-01-04,WSH,NYR,NYR,0.6846666666666666,WSH,LOSS
2025-01-04,TOR,BOS,BOS,0.58,TOR,LOSS
2025-01-05,CHI,NYR,NYR,0.61,NYR,WIN
2025-01-05,CAR,PIT,CAR,0.67,CAR,WIN
2025-01-05,TOR,PHI,TOR,0.61,TOR,WIN
2025-01-06,BUF,WSH,BUF,0.5800108225108225,BUF,WIN
2025-01-07,SJS,VGK,VGK,0.8,VGK,WIN
2025-01-07,ANA,CGY,CGY,0.74,CGY,WIN
2025-01-07,WPG,NSH,WPG,0.61,WPG,WIN
2025-01-07,DET,OTT,DET,0.64,DET,WIN
2025-01-07,NYR,DAL,NYR,0.56,DAL,LOSS
2025-01-07,BOS,EDM,BOS,0.6,EDM,LOSS
2025-01-07,PHI,TOR,TOR,0.58,TOR,WIN
2025-01-08,CHI,COL,COL,0.79,CHI,LOSS
2025-01-09,VGK,NYI,VGK,0.67,NYI,LOSS
2025-01-09,MIN,COL,COL,0.7,COL,WIN
2025-01-09,STL,ANA,STL,0.69,STL,WIN
2025-01-09,CAR,TOR,TOR,0.55,CAR,LOSS
2025-01-09,PHI,DAL,DAL,0.6157142857142857,DAL,WIN
2025-01-09,NYR,NJD,NYR,0.65,NYR,WIN
2025-01-09,PIT,EDM,EDM,0.65,PIT,LOSS
2025-01-10,DET,CHI,DET,0.89,DET,WIN
2025-01-10,WSH,MTL,WSH,0.63,MTL,LOSS
2025-01-10,CAR,VAN,CAR,0.62,CAR,WIN
2025-01-10,WPG,LAK,WPG,0.71,LAK,LOSS
2025-01-11,SJS,MIN,SJS,0.58,MIN,LOSS
2025-01-11,VGK,NYR,NYR,0.55,NYR,WIN
2025-01-11,CGY,LAK,CGY,0.71,CGY,WIN
2025-01-11,NSH,WSH,NSH,0.5660000000000001,WSH,LOSS
2025-01-11,WPG,COL,WPG,0.57,WPG,WIN
2025-01-11,MTL,DAL,DAL,0.68,DAL,WIN
2025-01-11,PHI,ANA,PHI,0.56,PHI,WIN
2025-01-11,FLA,BOS,FLA,0.57,BOS,LOSS
2025-01-12,OTT,DAL,DAL,0.6,OTT,LOSS
2025-01-12,CAR,ANA,CAR,0.85,ANA,LOSS
2025-01-13,EDM,LAK,EDM,0.5991666666666667,EDM,WIN
2025-01-13,CHI,CGY,CGY,0.72,CGY,WIN
2025-01-14,DET,SJS,DET,0.81,SJS,LOSS
2025-01-14,WSH,ANA,WSH,0.75,WSH,WIN
2025-01-14,NYI,OTT,NYI,0.6171212121212122,OTT,LOSS
2025-01-14,STL,CGY,CGY,0.57075,STL,LOSS
2025-01-14,NSH,VGK,VGK,0.78,NSH,LOSS
2025-01-15,MIN,EDM,EDM,0.62,EDM,WIN
2025-01-16,TOR,NJD,NJD,0.68,TOR,LOSS
2025-01-16,OTT,WSH,OTT,0.75,WSH,LOSS
2025-01-16,FLA,DET,FLA,0.73,DET,LOSS
2025-01-16,NYI,PHI,NYI,0.63,PHI,LOSS
2025-01-16,STL,CGY,CGY,0.57075,STL,LOSS
2025-01-16,NSH,CHI,NSH,0.79,NSH,WIN
2025-01-16,DAL,MTL,DAL,0.63,MTL,LOSS
2025-01-17,BUF,PIT,BUF,0.55,PIT,LOSS
2025-01-18,VAN,EDM,VAN,0.65,VAN,WIN
2025-01-18,NSH,MIN,NSH,0.622,NSH,WIN
2025-01-18,NYI,SJS,NYI,0.62,NYI,WIN
2025-01-18,WPG,CGY,WPG,0.58,CGY,LOSS
2025-01-18,WSH,PIT,WSH,0.6,WSH,WIN
2025-01-18,CHI,VGK,VGK,0.7,CHI,LOSS
2025-01-18,COL,DAL,COL,0.66,COL,WIN
2025-01-18,OTT,BOS,BOS,0.63,OTT,LOSS
2025-01-18,MTL,TOR,TOR,0.56,TOR,WIN
2025-01-19,MTL,NYR,NYR,0.63,MTL,LOSS
2025-01-19,DAL,DET,DAL,0.85,DAL,WIN
2025-01-20,CHI,CAR,CAR,0.65,CAR,WIN
2025-01-20,BOS,SJS,BOS,0.86,BOS,WIN
2025-01-20,COL,MIN,COL,0.71,MIN,LOSS
2025-01-20,VGK,STL,VGK,0.6585714285714286,STL,LOSS
2025-01-20,LAK,PIT,LAK,0.56,PIT,LOSS
2025-01-21,ANA,FLA,FLA,0.71,FLA,WIN
2025-01-21,EDM,WSH,EDM,0.62,WSH,LOSS
2025-01-21,DAL,CAR,DAL,0.55,CAR,LOSS
2025-01-21,NSH,SJS,NSH,0.73,NSH,WIN
2025-01-21,PHI,DET,DET,0.5835294117647059,PHI,LOSS
2025-01-21,NYR,OTT,NYR,0.66,NYR,WIN
2025-01-22,NJD,BOS,BOS,0.57,NJD,LOSS
2025-01-22,LAK,FLA,FLA,0.69,LAK,LOSS
2025-01-23,SJS,NSH,NSH,0.65,NSH,WIN
2025-01-23,EDM,VAN,EDM,0.59,EDM,WIN
2025-01-23,CGY,BUF,CGY,0.6455555555555555,CGY,WIN
2025-01-23,NYR,PHI,NYR,0.6063636363636363,NYR,WIN
2025-01-23,DET,MTL,MTL,0.56,DET,LOSS
2025-01-23,BOS,OTT,BOS,0.588125,BOS,WIN
2025-01-24,NYI,PHI,NYI,0.59,NYI,WIN
2025-01-24,DAL,VGK,DAL,0.61,DAL,WIN
2025-01-25,SJS,FLA,FLA,0.75,FLA,WIN
2025-01-25,ANA,NSH,NSH,0.5621428571428572,ANA,LOSS
2025-01-25,NYI,CAR,CAR,0.57,NYI,LOSS
2025-01-25,OTT,TOR,TOR,0.55,OTT,LOSS
2025-01-25,MTL,NJD,MTL,0.59,NJD,LOSS
2025-01-25,EDM,BUF,EDM,0.64,EDM,WIN
2025-01-25,STL,DAL,DAL,0.6,DAL,WIN
2025-01-26,NYR,COL,NYR,0.55625,COL,LOSS
2025-01-26,CHI,MIN,MIN,0.69,MIN,WIN
2025-01-26,VGK,FLA,FLA,0.57,VGK,LOSS
2025-01-27,SJS,PIT,PIT,0.67,SJS,LOSS
2025-01-27,STL,VAN,STL,0.56,VAN,LOSS
2025-01-27,DET,LAK,DET,0.73,DET,WIN
2025-01-28,BUF,BOS,BOS,0.71,BUF,LOSS
2025-01-28,MTL,WPG,WPG,0.61,WPG,WIN
2025-01-28,NYR,CAR,CAR,0.63,CAR,WIN
2025-01-28,NYI,COL,COL,0.65,NYI,LOSS
2025-01-28,VGK,DAL,VGK,0.63,DAL,LOSS
2025-01-29,NSH,VAN,VAN,0.61,VAN,WIN
2025-01-29,TOR,MIN,MIN,0.5726800976800976,MIN,WIN
2025-01-30,CGY,ANA,CGY,0.55,CGY,WIN
2025-01-30,OTT,WSH,WSH,0.69,OTT,LOSS
2025-01-30,PHI,NYI,NYI,0.59,NYI,WIN
2025-01-30,BOS,WPG,WPG,0.61,WPG,WIN
2025-01-30,MTL,MIN,MIN,0.56,MIN,WIN
2025-01-30,CAR,CHI,CAR,0.82,CAR,WIN
2025-01-31,BUF,NSH,BUF,0.5966666666666667,BUF,WIN
2025-01-31,COL,STL,COL,0.65,COL,WIN
2025-02-01,CAR,LAK,CAR,0.68,LAK,LOSS
2025-02-01,WSH,WPG,WPG,0.64,WPG,WIN
2025-02-01,FLA,CHI,FLA,0.91,FLA,WIN
2025-02-01,PIT,NSH,PIT,0.6761538461538461,PIT,WIN
2025-02-02,BUF,NJD,NJD,0.65,BUF,LOSS
2025-02-02,COL,PHI,COL,0.71,COL,WIN
2025-02-02,ANA,MTL,MTL,0.81,ANA,LOSS
2025-02-02,FLA,NYI,FLA,0.67,FLA,WIN
2025-02-02,NYR,VGK,VGK,0.6,NYR,LOSS
2025-02-03,NSH,OTT,OTT,0.61,OTT,WIN
2025-02-04,SJS,MTL,MTL,0.55,MTL,WIN
2025-02-04,ANA,DAL,DAL,0.75,ANA,LOSS
2025-02-04,WPG,CAR,CAR,0.58,WPG,LOSS
2025-02-04,BOS,MIN,BOS,0.61,BOS,WIN
2025-02-04,NYI,VGK,VGK,0.6328571428571429,NYI,LOSS
2025-02-04,PIT,NJD,PIT,0.57,NJD,LOSS
2025-02-05,NYR,BOS,BOS,0.57,NYR,LOSS
2025-02-05,CHI,EDM,EDM,0.61,EDM,WIN
2025-02-05,LAK,MTL,LAK,0.69,LAK,WIN
2025-02-06,NJD,VGK,VGK,0.65,VGK,WIN
2025-02-06,PHI,WSH,PHI,0.63,WSH,LOSS
2025-02-06,CGY,COL,COL,0.61,COL,WIN
2025-02-06,SJS,VAN,VAN,0.68,VAN,WIN
2025-02-07,CHI,NSH,NSH,0.65,CHI,LOSS
2025-02-07,LAK,DAL,LAK,0.65,LAK,WIN
2025-02-07,NYR,PIT,NYR,0.67,PIT,LOSS
2025-02-07,WPG,NYI,WPG,0.74,WPG,WIN
2025-02-08,LAK,ANA,LAK,0.72,ANA,LOSS
2025-02-08,SJS,DAL,DAL,0.73,DAL,WIN
2025-02-08,MIN,NYI,MIN,0.72,MIN,WIN
2025-02-08,VAN,TOR,TOR,0.573125,VAN,LOSS
2025-02-08,PHI,PIT,PHI,0.6608441558441558,PHI,WIN
2025-02-08,FLA,OTT,FLA,0.7,FLA,WIN
2025-02-08,BOS,VGK,VGK,0.5825,VGK,WIN
2025-02-08,MTL,NJD,NJD,0.59,NJD,WIN
2025-02-08,STL,CHI,STL,0.79,STL,WIN
2025-02-22,BOS,ANA,BOS,0.58,ANA,LOSS
2025-02-22,STL,WPG,STL,0.63,WPG,LOSS
2025-02-22,TOR,CAR,CAR,0.7,TOR,LOSS
2025-02-22,VGK,VAN,VAN,0.57,VGK,LOSS
2025-02-22,BUF,NYR,NYR,0.68,BUF,LOSS
2025-02-22,PIT,WSH,PIT,0.64,WSH,LOSS
2025-02-22,PHI,EDM,EDM,0.72,PHI,LOSS
2025-02-22,NJD,DAL,DAL,0.59,DAL,WIN
2025-02-23,WSH,EDM,EDM,0.61,WSH,LOSS
2025-02-23,PIT,NYR,PIT,0.57,NYR,LOSS
2025-02-23,DET,ANA,DET,0.73,DET,WIN
2025-02-23,CHI,TOR,TOR,0.88,TOR,WIN
2025-02-23,NYI,DAL,DAL,0.62,DAL,WIN
2025-02-23,CGY,SJS,CGY,0.77,CGY,WIN
2025-02-24,WPG,SJS,WPG,0.86,WPG,WIN
2025-02-25,BUF,ANA,BUF,0.66,BUF,WIN
2025-02-25,MTL,CAR,CAR,0.7,MTL,LOSS
2025-02-25,PHI,PIT,PHI,0.6608441558441558,PHI,WIN
2025-02-25,NYI,NYR,NYR,0.62,NYR,WIN
2025-02-25,NSH,FLA,FLA,0.6282954545454545,FLA,WIN
2025-02-25,MIN,DET,MIN,0.56,DET,LOSS
2025-02-26,OTT,WPG,WPG,0.56,WPG,WIN
2025-02-26,COL,NJD,COL,0.7,COL,WIN
2025-02-27,VGK,CHI,VGK,0.85,VGK,WIN
2025-02-27,NSH,WPG,WPG,0.56,NSH,LOSS
2025-02-27,ANA,VAN,VAN,0.81,ANA,LOSS
2025-02-27,PIT,PHI,PHI,0.55,PIT,LOSS
2025-02-27,CAR,BUF,CAR,0.7675,CAR,WIN
2025-02-27,MTL,SJS,MTL,0.56,MTL,WIN
2025-02-27,BOS,NYI,BOS,0.56,NYI,LOSS
2025-02-28,NYR,TOR,NYR,0.59,TOR,LOSS
2025-02-28,DAL,LAK,DAL,0.63,DAL,WIN
2025-02-28,COL,MIN,COL,0.56,COL,WIN
2025-03-01,ANA,CHI,ANA,0.55,CHI,LOSS
2025-03-01,STL,LAK,STL,0.5696023676615781,STL,WIN
2025-03-01,WPG,PHI,WPG,0.81,PHI,LOSS
2025-03-01,OTT,SJS,OTT,0.63,OTT,WIN
2025-03-01,BUF,MTL,BUF,0.6,MTL,LOSS
2025-03-01,FLA,CGY,FLA,0.68,FLA,WIN
2025-03-01,NYI,NSH,NYI,0.5821538461538461,NYI,WIN
2025-03-02,MIN,BOS,MIN,0.56,MIN,WIN
2025-03-02,CAR,CGY,CAR,0.78,CAR,WIN
2025-03-03,CHI,LAK,LAK,0.62,CHI,LOSS
2025-03-03,TOR,SJS,TOR,0.71,SJS,LOSS
2025-03-03,WSH,OTT,WSH,0.66,WSH,WIN
2025-03-03,NYR,NYI,NYR,0.69,NYR,WIN
2025-03-04,EDM,ANA,EDM,0.8,ANA,LOSS
2025-03-04,BUF,SJS,BUF,0.55,SJS,LOSS
2025-03-04,DET,CAR,CAR,0.63,CAR,WIN
2025-03-04,NYI,WPG,WPG,0.59,NYI,LOSS
2025-03-04,DAL,NJD,DAL,0.57,DAL,WIN
2025-03-04,COL,PIT,COL,0.56,COL,WIN
2025-03-05,LAK,STL,LAK,0.5995833333333332,STL,LOSS
2025-03-05,VAN,ANA,VAN,0.64,VAN,WIN
2025-03-05,CHI,OTT,OTT,0.55,OTT,WIN
2025-03-05,VGK,TOR,VGK,0.62,VGK,WIN
2025-03-06,CAR,BOS,CAR,0.59,CAR,WIN
2025-03-06,DAL,CGY,DAL,0.65,DAL,WIN
2025-03-06,COL,SJS,COL,0.71,COL,WIN
2025-03-07,ANA,STL,STL,0.643125,STL,WIN
2025-03-07,VGK,PIT,VGK,0.69,VGK,WIN
2025-03-07,WSH,DET,WSH,0.63,WSH,WIN
2025-03-07,NJD,WPG,WPG,0.63,WPG,WIN
2025-03-08,SJS,NYI,NYI,0.76,NYI,WIN
2025-03-08,FLA,BUF,FLA,0.79,FLA,WIN
2025-03-08,COL,TOR,COL,0.7,COL,WIN
2025-03-08,CGY,MTL,MTL,0.6,CGY,LOSS
2025-03-08,NSH,CHI,NSH,0.73,NSH,WIN
2025-03-08,LAK,STL,LAK,0.573219696969697,LAK,WIN
2025-03-08,EDM,DAL,DAL,0.6,EDM,LOSS
2025-03-09,ANA,NYI,NYI,0.74,ANA,LOSS
2025-03-09,VAN,DAL,DAL,0.6,DAL,WIN
2025-03-09,VGK,LAK,LAK,0.58,LAK,WIN
2025-03-09,MIN,PIT,PIT,0.61,PIT,WIN
2025-03-09,PHI,NJD,PHI,0.67,NJD,LOSS
2025-03-09,CAR,WPG,WPG,0.58,CAR,LOSS
2025-03-10,COL,CHI,COL,0.85,COL,WIN
2025-03-10,OTT,DET,DET,0.65,OTT,LOSS
2025-03-11,ANA,WSH,WSH,0.7463636363636362,WSH,WIN
2025-03-11,SJS,NSH,NSH,0.82,NSH,WIN
2025-03-11,LAK,NYI,LAK,0.71,LAK,WIN
2025-03-11,PIT,VGK,VGK,0.65,PIT,LOSS
2025-03-12,DET,BUF,BUF,0.67,DET,LOSS
2025-03-12,CGY,VAN,VAN,0.55,VAN,WIN
2025-03-13,NJD,EDM,EDM,0.86,NJD,LOSS
2025-03-13,MIN,NYR,NYR,0.72,NYR,WIN
2025-03-14,CGY,COL,COL,0.55,COL,WIN
2025-03-14,ANA,NSH,ANA,0.62,ANA,WIN
2025-03-14,CAR,DET,CAR,0.56,CAR,WIN
2025-03-15,LAK,NSH,NSH,0.6,LAK,LOSS
2025-03-15,MIN,STL,MIN,0.6127738927738927,STL,LOSS
2025-03-15,VAN,CHI,VAN,0.71,VAN,WIN
2025-03-15,PHI,CAR,PHI,0.59,CAR,LOSS
2025-03-15,SJS,WSH,WSH,0.71,WSH,WIN
2025-03-15,TOR,OTT,TOR,0.63,OTT,LOSS
2025-03-15,BUF,VGK,VGK,0.72,BUF,LOSS
2025-03-15,MTL,FLA,MTL,0.57,MTL,WIN
2025-03-15,PIT,NJD,NJD,0.57,PIT,LOSS
2025-03-16,DET,VGK,VGK,0.65,DET,LOSS
2025-03-16,COL,DAL,COL,0.76,COL,WIN
2025-03-16,NYR,EDM,EDM,0.57,EDM,WIN
2025-03-16,NYI,FLA,NYI,0.72,NYI,WIN
2025-03-16,STL,ANA,STL,0.73,STL,WIN
2025-03-17,TOR,CGY,TOR,0.69,TOR,WIN
2025-03-17,MIN,LAK,MIN,0.58,MIN,WIN
2025-03-18,VAN,WPG,WPG,0.69,VAN,LOSS
2025-03-18,DAL,ANA,ANA,0.56,DAL,LOSS
2025-03-18,NSH,STL,NSH,0.6791996336996337,STL,LOSS
2025-03-18,MTL,OTT,OTT,0.5955555555555556,MTL,LOSS
2025-03-18,NYR,CGY,NYR,0.72,CGY,LOSS
2025-03-19,TOR,COL,COL,0.55,TOR,LOSS
2025-03-20,CHI,LAK,CHI,0.58,LAK,LOSS
2025-03-20,EDM,WPG,WPG,0.55,WPG,WIN
2025-03-20,NYI,MTL,MTL,0.6833333333333335,NYI,LOSS
2025-03-20,SJS,CAR,CAR,0.85,CAR,WIN
2025-03-20,VGK,BOS,VGK,0.64,VGK,WIN
2025-03-20,NSH,ANA,ANA,0.5733333333333333,ANA,WIN
2025-03-20,WSH,PHI,WSH,0.66,WSH,WIN
2025-03-20,NJD,CGY,CGY,0.58,CGY,WIN
2025-03-20,STL,VAN,VAN,0.6629999999999999,STL,LOSS
2025-03-22,SJS,BOS,BOS,0.69,SJS,LOSS
2025-03-22,NJD,OTT,OTT,0.63,OTT,WIN
2025-03-22,STL,CHI,STL,0.67,STL,WIN
2025-03-22,DAL,PHI,DAL,0.72,DAL,WIN
2025-03-22,NYR,VAN,NYR,0.668125,NYR,WIN
2025-03-22,NYI,CGY,NYI,0.5571428571428572,CGY,LOSS
2025-03-23,STL,NSH,NSH,0.5775,STL,LOSS
2025-03-23,ANA,CAR,CAR,0.71,CAR,WIN
2025-03-23,LAK,BOS,LAK,0.5710000000000001,LAK,WIN
2025-03-23,FLA,PIT,FLA,0.6,FLA,WIN
2025-03-23,CHI,PHI,PHI,0.65,CHI,LOSS
2025-03-23,WPG,BUF,WPG,0.77,BUF,LOSS
2025-03-24,NJD,VAN,VAN,0.73,VAN,WIN
2025-03-24,DAL,MIN,DAL,0.61,DAL,WIN
2025-03-25,COL,DET,COL,0.76,COL,WIN
2025-03-25,WPG,WSH,WPG,0.5822222222222222,WPG,WIN
2025-03-25,CAR,NSH,CAR,0.81,NSH,LOSS
2025-03-25,TOR,PHI,TOR,0.56,TOR,WIN
2025-03-25,STL,MTL,STL,0.58,STL,WIN
2025-03-26,NYI,VAN,NYI,0.55,VAN,LOSS
2025-03-26,CHI,NJD,NJD,0.61,NJD,WIN
2025-03-26,EDM,DAL,EDM,0.63,DAL,LOSS
2025-03-27,SJS,TOR,TOR,0.72,SJS,LOSS
2025-03-27,COL,LAK,COL,0.72,COL,WIN
2025-03-27,PHI,MTL,PHI,0.55,PHI,WIN
2025-03-27,BUF,PIT,BUF,0.58,BUF,WIN
2025-03-28,CAR,MTL,CAR,0.65,CAR,WIN
2025-03-28,WPG,NJD,WPG,0.66,WPG,WIN
2025-03-28,CHI,VGK,VGK,0.78,VGK,WIN
2025-03-28,ANA,NYR,NYR,0.69,ANA,LOSS
2025-03-29,SJS,NYR,NYR,0.88,NYR,WIN
2025-03-29,LAK,TOR,TOR,0.56,TOR,WIN
2025-03-29,NSH,VGK,NSH,0.55,VGK,LOSS
2025-03-29,COL,STL,COL,0.69,STL,LOSS
2025-03-29,PHI,BUF,PHI,0.58,PHI,WIN
2025-03-30,LAK,SJS,LAK,0.74,LAK,WIN
2025-03-30,FLA,MTL,FLA,0.62,MTL,LOSS
2025-03-30,PIT,OTT,PIT,0.57,PIT,WIN
2025-03-30,CAR,NYI,CAR,0.67,CAR,WIN
2025-03-30,ANA,TOR,TOR,0.63,TOR,WIN
2025-03-31,PHI,NSH,PHI,0.7264285714285714,PHI,WIN
2025-03-31,NJD,MIN,NJD,0.55,NJD,WIN
2025-04-01,BOS,WSH,WSH,0.63,WSH,WIN
2025-04-01,OTT,BUF,OTT,0.7433333333333333,BUF,LOSS
2025-04-01,STL,DET,STL,0.6,STL,WIN
2025-04-01,VGK,EDM,VGK,0.6671428571428573,EDM,LOSS
2025-04-01,ANA,SJS,ANA,0.74,ANA,WIN
2025-04-01,LAK,WPG,WPG,0.59,LAK,LOSS
2025-04-02,CAR,WSH,CAR,0.65,CAR,WIN
2025-04-02,TOR,FLA,FLA,0.66,TOR,LOSS
2025-04-02,CHI,COL,COL,0.82,COL,WIN
2025-04-03,SJS,EDM,EDM,0.87,EDM,WIN
2025-04-03,VGK,WPG,WPG,0.6,WPG,WIN
2025-04-03,CGY,ANA,CGY,0.7,CGY,WIN
2025-04-03,MTL,BOS,BOS,0.57,MTL,LOSS
2025-04-03,STL,PIT,STL,0.6,STL,WIN
2025-04-03,DAL,NSH,DAL,0.66,DAL,WIN
2025-04-04,WSH,CHI,WSH,0.77,WSH,WIN
2025-04-04,NYI,MIN,NYI,0.67,NYI,WIN
2025-04-05,MTL,PHI,PHI,0.55,MTL,LOSS
2025-04-05,CGY,VGK,VGK,0.57,VGK,WIN
2025-04-05,VAN,ANA,VAN,0.59,VAN,WIN
2025-04-05,OTT,FLA,FLA,0.56,OTT,LOSS
2025-04-05,LAK,EDM,LAK,0.6,LAK,WIN
2025-04-06,VAN,VGK,VGK,0.57,VGK,WIN
2025-04-06,NSH,MTL,MTL,0.64,MTL,WIN
2025-04-06,BUF,BOS,BUF,0.5916666666666667,BUF,WIN
2025-04-06,MIN,DAL,DAL,0.58,MIN,LOSS
2025-04-06,NYI,WSH,NYI,0.62,NYI,WIN
2025-04-06,DET,FLA,FLA,0.55,DET,LOSS
2025-04-07,WPG,STL,WPG,0.61,WPG,WIN
2025-04-07,ANA,EDM,EDM,0.79,ANA,LOSS
2025-04-07,SJS,CGY,CGY,0.76,CGY,WIN
2025-04-08,DAL,VAN,DAL,0.67,VAN,LOSS
2025-04-08,COL,VGK,VGK,0.64,COL,LOSS
2025-04-08,PIT,CHI,PIT,0.84,PIT,WIN
2025-04-08,NSH,NYI,NYI,0.6627619047619048,NSH,LOSS
2025-04-08,FLA,TOR,FLA,0.6,FLA,WIN
2025-04-08,BUF,CAR,CAR,0.61,BUF,LOSS
2025-04-08,NJD,BOS,BOS,0.55,BOS,WIN
2025-04-08,MTL,DET,MTL,0.67,MTL,WIN
2025-04-09,NYR,PHI,NYR,0.59,PHI,LOSS
2025-04-09,MIN,SJS,MIN,0.78,MIN,WIN
2025-04-09,ANA,CGY,CGY,0.63,ANA,LOSS
2025-04-10,DAL,WPG,WPG,0.61,WPG,WIN
2025-04-10,LAK,ANA,LAK,0.7,LAK,WIN
2025-04-10,COL,VAN,COL,0.65,VAN,LOSS
2025-04-10,WSH,CAR,CAR,0.62,WSH,LOSS
2025-04-10,FLA,DET,FLA,0.78,FLA,WIN
2025-04-10,BOS,CHI,BOS,0.76,CHI,LOSS
2025-04-10,NYI,NYR,NYI,0.56,NYR,LOSS
2025-04-11,OTT,MTL,MTL,0.6816666666666668,OTT,LOSS
2025-04-11,NJD,PIT,NJD,0.59,PIT,LOSS
2025-04-11,EDM,SJS,EDM,0.8,EDM,WIN
2025-04-12,CHI,WPG,WPG,0.85,WPG,WIN
2025-04-12,VAN,MIN,VAN,0.61,MIN,LOSS
2025-04-12,VGK,NSH,VGK,0.67,VGK,WIN
2025-04-12,LAK,COL,LAK,0.65,LAK,WIN
2025-04-12,CAR,NYR,CAR,0.58,CAR,WIN
2025-04-12,PHI,NYI,NYI,0.59,PHI,LOSS
2025-04-12,FLA,BUF,FLA,0.67,FLA,WIN
2025-04-13,OTT,PHI,OTT,0.66425,OTT,WIN
2025-04-13,NJD,NYI,NYI,0.55,NYI,WIN
2025-04-13,PIT,BOS,PIT,0.7,BOS,LOSS
2025-04-13,CAR,TOR,CAR,0.64,TOR,LOSS
2025-04-13,WPG,EDM,WPG,0.56,EDM,LOSS
2025-04-13,CGY,SJS,CGY,0.73,CGY,WIN
2025-04-13,ANA,COL,COL,0.59,COL,WIN
2025-04-14,VAN,SJS,VAN,0.69,VAN,WIN
2025-04-14,EDM,LAK,EDM,0.55,LAK,LOSS
2025-04-14,MTL,CHI,MTL,0.71,CHI,LOSS
2025-04-14,DET,DAL,DAL,0.63,DET,LOSS
2025-04-15,BOS,NJD,NJD,0.55,NJD,WIN
2025-04-15,BUF,TOR,TOR,0.76,TOR,WIN
2025-04-15,OTT,CHI,OTT,0.81,CHI,LOSS
2025-04-15,NYI,WSH,NYI,0.59,WSH,LOSS
2025-04-15,MIN,ANA,MIN,0.56,MIN,WIN
2025-04-15,CGY,VGK,VGK,0.73,CGY,LOSS
2025-04-16,SJS,EDM,EDM,0.9,EDM,WIN
2025-04-16,NSH,DAL,NSH,0.55,NSH,WIN
2025-04-16,VAN,VGK,VGK,0.58,VGK,WIN
2025-04-16,WPG,ANA,WPG,0.78,WPG,WIN
2025-04-16,NJD,DET,DET,0.6,DET,WIN
2025-04-16,MTL,CAR,CAR,0.58,MTL,LOSS
2025-04-17,BUF,PHI,BUF,0.59,BUF,WIN
2025-04-17,TOR,DET,TOR,0.6,TOR,WIN
2025-04-17,OTT,CAR,CAR,0.55,OTT,LOSS
2025-04-17,PIT,WSH,WSH,0.61,PIT,LOSS
2025-04-17,LAK,CGY,LAK,0.65,CGY,LOSS
2025-04-19,WPG,STL,WPG,0.6578571428571428,WPG,WIN
2025-04-20,VGK,MIN,VGK,0.58,VGK,WIN
2025-04-20,TOR,OTT,OTT,0.5575042735042736,TOR,LOSS
2025-04-20,CAR,NJD,CAR,0.61,CAR,WIN
2025-04-21,WSH,MTL,WSH,0.56,WSH,WIN
2025-04-21,WPG,STL,WPG,0.6578571428571428,WPG,WIN
2025-04-21,LAK,EDM,LAK,0.63,LAK,WIN
2025-04-22,CAR,NJD,CAR,0.61,CAR,WIN
2025-04-22,TOR,OTT,OTT,0.5575042735042736,TOR,LOSS
2025-04-22,VGK,MIN,VGK,0.58,MIN,LOSS
2025-04-23,WSH,MTL,WSH,0.56,WSH,WIN
2025-04-23,COL,DAL,COL,0.69,DAL,LOSS
2025-04-23,LAK,EDM,LAK,0.63,LAK,WIN
2025-04-24,STL,WPG,WPG,0.62,STL,LOSS
2025-04-25,MTL,WSH,MTL,0.63,MTL,WIN
2025-04-25,NJD,CAR,CAR,0.62,NJD,LOSS
2025-04-25,EDM,LAK,EDM,0.55,EDM,WIN
2025-04-26,COL,DAL,COL,0.69,COL,WIN
2025-04-27,EDM,LAK,EDM,0.55,EDM,WIN
2025-04-27,MTL,WSH,MTL,0.63,WSH,LOSS
2025-04-27,STL,WPG,WPG,0.62,STL,LOSS
2025-04-27,NJD,CAR,CAR,0.62,CAR,WIN
2025-04-29,TOR,OTT,OTT,0.5575042735042736,OTT,WIN
2025-04-29,CAR,NJD,CAR,0.61,CAR,WIN
2025-04-29,VGK,MIN,VGK,0.58,VGK,WIN
2025-04-29,LAK,EDM,LAK,0.63,EDM,LOSS
2025-04-30,WPG,STL,WPG,0.6578571428571428,WPG,WIN
2025-04-30,WSH,MTL,WSH,0.56,WSH,WIN
2025-05-01,COL,DAL,COL,0.69,COL,WIN
2025-05-01,EDM,LAK,EDM,0.55,EDM,WIN
2025-05-02,STL,WPG,WPG,0.62,STL,LOSS
2025-05-04,WPG,STL,WPG,0.6578571428571428,WPG,WIN
2025-05-06,WSH,CAR,CAR,0.6,CAR,WIN
2025-05-06,VGK,EDM,EDM,0.5536842105263158,EDM,WIN
2025-05-07,TOR,FLA,TOR,0.61,TOR,WIN
2025-05-07,WPG,DAL,WPG,0.68,DAL,LOSS
2025-05-08,WSH,CAR,CAR,0.61,WSH,LOSS
2025-05-08,VGK,EDM,EDM,0.69,EDM,WIN
2025-05-09,FLA,TOR,FLA,0.6,FLA,WIN
2025-05-09,WPG,DAL,WPG,0.63,WPG,WIN
2025-05-10,EDM,VGK,VGK,0.58,VGK,WIN
2025-05-10,CAR,WSH,CAR,0.64,CAR,WIN
2025-05-11,DAL,WPG,WPG,0.67,DAL,LOSS
2025-05-11,FLA,TOR,FLA,0.6,FLA,WIN
2025-05-12,CAR,WSH,CAR,0.64,CAR,WIN
2025-05-12,EDM,VGK,VGK,0.58,EDM,LOSS
2025-05-13,DAL,WPG,WPG,0.67,DAL,LOSS
2025-05-14,TOR,FLA,TOR,0.61,FLA,LOSS
2025-05-14,VGK,EDM,EDM,0.69,EDM,WIN
2025-05-15,WSH,CAR,CAR,0.61,CAR,WIN
2025-05-15,WPG,DAL,WPG,0.63,WPG,WIN
2025-05-16,FLA,TOR,FLA,0.6,TOR,LOSS
2025-05-17,DAL,WPG,WPG,0.67,DAL,LOSS
2025-05-18,TOR,FLA,TOR,0.61,FLA,LOSS
2025-05-20,CAR,FLA,CAR,0.58,FLA,LOSS
2025-05-21,DAL,EDM,DAL,0.67,DAL,WIN
2025-05-22,CAR,FLA,CAR,0.58,FLA,LOSS
2025-05-23,DAL,EDM,DAL,0.67,EDM,LOSS
2025-05-25,EDM,DAL,EDM,0.58,EDM,WIN
2025-05-27,EDM,DAL,EDM,0.58,EDM,WIN
2025-05-28,CAR,FLA,CAR,0.58,FLA,LOSS
2025-05-29,DAL,EDM,DAL,0.67,EDM,LOSS
2025-06-09,FLA,EDM,FLA,0.67,FLA,WIN
2025-06-12,FLA,EDM,FLA,0.67,EDM,LOSS
2025-06-17,FLA,EDM,FLA,0.67,FLA,WIN
2025-09-20,DAL,STL,DAL,0.67,DAL,WIN
2025-09-21,SJS,VGK,VGK,0.9,SJS,LOSS
2025-09-21,CGY,EDM,EDM,0.5533333333333333,EDM,WIN
2025-09-21,NYI,PHI,NYI,0.6530769230769231,PHI,LOSS
2025-09-21,LAK,ANA,LAK,0.74,LAK,WIN
2025-09-21,WPG,MIN,WPG,0.65,MIN,LOSS
2025-09-21,BOS,WSH,WSH,0.57,WSH,WIN
2025-09-21,OTT,TOR,TOR,0.63,TOR,WIN
2025-09-21,NSH,FLA,FLA,0.57,NSH,LOSS
2025-09-22,MTL,PIT,MTL,0.56,MTL,WIN
2025-09-23,VGK,LAK,VGK,0.66,LAK,LOSS
2025-09-23,DAL,MIN,DAL,0.6,DAL,WIN
2025-09-23,MTL,PHI,MTL,0.62,MTL,WIN
2025-09-23,WPG,EDM,WPG,0.72,EDM,LOSS
2025-09-23,NJD,NYI,NYI,0.72,NJD,LOSS
2025-09-23,DET,CHI,DET,0.71,DET,WIN
2025-09-23,NYR,BOS,NYR,0.7,BOS,LOSS
2025-09-23,TOR,OTT,OTT,0.56,OTT,WIN
2025-09-24,CAR,FLA,CAR,0.58,FLA,LOSS
2025-09-24,VAN,CGY,VAN,0.66,VAN,WIN
2025-09-25,DET,BUF,DET,0.5573496503496503,DET,WIN
2025-09-25,NYR,NYI,NYR,0.72,NYI,LOSS
2025-09-25,WSH,PHI,WSH,0.71,WSH,WIN
2025-09-25,MTL,TOR,TOR,0.63,TOR,WIN
2025-09-25,MIN,DAL,DAL,0.6225,DAL,WIN
2025-09-26,SJS,VGK,VGK,0.9,VGK,WIN
2025-09-26,EDM,WPG,WPG,0.62,EDM,LOSS
2025-09-26,NYI,NJD,NYI,0.6,NJD,LOSS
2025-09-27,PHI,BOS,PHI,0.61,BOS,LOSS
2025-09-27,LAK,ANA,LAK,0.74,ANA,LOSS
2025-09-27,COL,DAL,COL,0.77,COL,WIN
2025-09-27,TOR,MTL,TOR,0.67,MTL,LOSS
2025-09-27,WPG,CGY,WPG,0.56,WPG,WIN
2025-09-28,NJD,WSH,WSH,0.82,WSH,WIN
2025-09-28,EDM,VAN,EDM,0.63,EDM,WIN
2025-09-28,CAR,NSH,CAR,0.73,CAR,WIN
2025-09-28,OTT,NJD,OTT,0.6,OTT,WIN
2025-09-28,MIN,CHI,MIN,0.65,CHI,LOSS
2025-09-29,NYI,NYR,NYI,0.57,NYR,LOSS
2025-09-29,BOS,PHI,BOS,0.61,PHI,LOSS
2025-09-29,ANA,SJS,ANA,0.79,ANA,WIN
2025-09-30,STL,DAL,STL,0.62,DAL,LOSS
2025-09-30,CHI,DET,DET,0.56,DET,WIN
2025-09-30,COL,VGK,COL,0.64,COL,WIN
2025-09-30,OTT,MTL,OTT,0.69,MTL,LOSS
2025-10-01,BUF,PIT,BUF,0.6031818181818182,PIT,LOSS
2025-10-01,VGK,COL,COL,0.6333333333333333,VGK,LOSS
2025-10-01,CGY,VAN,VAN,0.59,VAN,WIN
2025-10-01,SJS,ANA,ANA,0.59,ANA,WIN
2025-10-02,NYR,NJD,NYR,0.83,NJD,LOSS
2025-10-02,PHI,NYI,PHI,0.66,NYI,LOSS
2025-10-02,WSH,BOS,WSH,0.63,BOS,LOSS
2025-10-02,TOR,DET,TOR,0.83,DET,LOSS
2025-10-03,CHI,MIN,CHI,0.58,MIN,LOSS
2025-10-03,VGK,SJS,VGK,0.84,SJS,LOSS
2025-10-04,MTL,OTT,MTL,0.55,OTT,LOSS
2025-10-04,DET,TOR,TOR,0.77,DET,LOSS
2025-10-04,CHI,STL,STL,0.61,STL,WIN
2025-10-04,DAL,COL,DAL,0.62,DAL,WIN
2025-10-04,BOS,NYR,NYR,0.66,BOS,LOSS
2025-10-04,LAK,ANA,LAK,0.77,LAK,WIN
2025-10-04,PHI,NJD,PHI,0.59,PHI,WIN
2025-10-04,NSH,CAR,CAR,0.61,NSH,LOSS
2025-10-07,FLA,CHI,FLA,0.75,FLA,WIN
2025-10-07,NYR,PIT,NYR,0.65,PIT,LOSS
2025-10-07,LAK,COL,LAK,0.57,COL,LOSS
2025-10-08,WSH,BOS,BOS,0.55,BOS,WIN
2025-10-08,EDM,CGY,EDM,0.62,CGY,LOSS
2025-10-09,STL,MIN,STL,0.59,MIN,LOSS
2025-10-09,WPG,DAL,WPG,0.64,DAL,LOSS
2025-10-09,CAR,NJD,CAR,0.75,CAR,WIN
2025-10-09,SJS,VGK,VGK,0.68,VGK,WIN
2025-10-09,DET,MTL,DET,0.6,MTL,LOSS
2025-10-09,BUF,NYR,NYR,0.58,NYR,WIN
2025-10-09,BOS,CHI,BOS,0.62,BOS,WIN
2025-10-11,COL,DAL,COL,0.59,DAL,LOSS
2025-10-11,SJS,ANA,ANA,0.77,ANA,WIN
2025-10-11,CAR,PHI,CAR,0.59,CAR,WIN
2025-10-11,PIT,NYR,NYR,0.63,NYR,WIN
2025-10-11,FLA,OTT,FLA,0.64,FLA,WIN
2025-10-11,DET,TOR,TOR,0.77,DET,LOSS
2025-10-11,BOS,BUF,BUF,0.61,BOS,LOSS
2025-10-11,CGY,STL,STL,0.58,STL,WIN
2025-10-11,WPG,LAK,LAK,0.56,WPG,LOSS
2025-10-12,NYR,WSH,NYR,0.59,WSH,LOSS
2025-10-13,BUF,COL,COL,0.58,COL,WIN
2025-10-13,OTT,NSH,OTT,0.71,NSH,LOSS
2025-10-13,NYI,WPG,NYI,0.56,WPG,LOSS
2025-10-13,TOR,DET,DET,0.58,DET,WIN
2025-10-13,PHI,FLA,PHI,0.68,PHI,WIN
2025-10-13,VAN,STL,STL,0.6,STL,WIN
2025-10-13,MIN,LAK,MIN,0.55,MIN,WIN
2025-10-14,SJS,CAR,CAR,0.76,CAR,WIN
2025-10-14,CGY,VGK,VGK,0.56,VGK,WIN
2025-10-14,ANA,PIT,ANA,0.57,ANA,WIN
2025-10-14,DAL,MIN,DAL,0.68,DAL,WIN
2025-10-14,TOR,NSH,TOR,0.56,TOR,WIN
2025-10-16,LAK,PIT,LAK,0.71,PIT,LOSS
2025-10-16,ANA,CAR,CAR,0.61,CAR,WIN
2025-10-16,VGK,BOS,VGK,0.63,VGK,WIN
2025-10-16,DAL,VAN,DAL,0.61,VAN,LOSS
2025-10-16,NJD,FLA,FLA,0.66,NJD,LOSS
2025-10-16,MTL,NSH,MTL,0.61,MTL,WIN
2025-10-16,TOR,NYR,NYR,0.7294444444444445,TOR,LOSS
2025-10-16,NYI,EDM,EDM,0.56,NYI,LOSS
2025-10-17,WSH,MIN,WSH,0.6573333333333333,WSH,WIN
2025-10-17,CHI,VAN,CHI,0.61,VAN,LOSS
2025-10-18,COL,BOS,COL,0.56,COL,WIN
2025-10-18,WPG,NSH,WPG,0.56,WPG,WIN
2025-10-18,VGK,CGY,VGK,0.64,VGK,WIN
2025-10-18,LAK,CAR,CAR,0.67,CAR,WIN
2025-10-18,MTL,NYR,NYR,0.68,NYR,WIN
2025-10-18,NJD,EDM,EDM,0.57,NJD,LOSS
2025-10-18,PHI,MIN,PHI,0.84,PHI,WIN
2025-10-18,BUF,FLA,FLA,0.56,BUF,LOSS
2025-10-19,WSH,VAN,VAN,0.573,VAN,WIN
2025-10-19,CHI,ANA,CHI,0.55,CHI,WIN
2025-10-20,MTL,BUF,MTL,0.65,MTL,WIN
2025-10-20,CGY,WPG,WPG,0.56,WPG,WIN
2025-10-20,VGK,CAR,CAR,0.7,VGK,LOSS
2025-10-21,NSH,ANA,ANA,0.59,ANA,WIN
2025-10-21,STL,LAK,STL,0.67,LAK,LOSS
2025-10-21,BOS,FLA,FLA,0.65,FLA,WIN
2025-10-21,TOR,NJD,TOR,0.69,NJD,LOSS
2025-10-21,NYI,SJS,NYI,0.91,NYI,WIN
2025-10-21,OTT,EDM,EDM,0.74,EDM,WIN
2025-10-21,PIT,VAN,VAN,0.64,PIT,LOSS
2025-10-22,NJD,MIN,NJD,0.66,NJD,WIN
2025-10-22,CGY,MTL,CGY,0.5638461538461539,MTL,LOSS
2025-10-23,DAL,LAK,DAL,0.63,LAK,LOSS
2025-10-23,COL,CAR,COL,0.5778571428571428,CAR,LOSS
2025-10-23,BOS,ANA,BOS,0.58,ANA,LOSS
2025-10-23,FLA,PIT,FLA,0.67,PIT,LOSS
2025-10-23,NYR,SJS,NYR,0.78,SJS,LOSS
2025-10-24,NJD,SJS,NJD,0.58,NJD,WIN
2025-10-24,WPG,CGY,WPG,0.64,WPG,WIN
2025-10-25,DAL,CAR,CAR,0.56,DAL,LOSS
2025-10-25,WSH,OTT,WSH,0.6659999999999999,OTT,LOSS
2025-10-25,BOS,COL,BOS,0.64,BOS,WIN
2025-10-25,FLA,VGK,VGK,0.61,FLA,LOSS
2025-10-25,TOR,BUF,TOR,0.57,TOR,WIN
2025-10-25,PHI,NYI,PHI,0.62,PHI,WIN
2025-10-26,CHI,LAK,LAK,0.63,LAK,WIN
2025-10-26,CGY,NYR,NYR,0.68,CGY,LOSS
2025-10-26,NJD,COL,NJD,0.65,NJD,WIN
2025-10-26,MIN,SJS,MIN,0.75,SJS,LOSS
2025-10-27,OTT,BOS,OTT,0.6,OTT,WIN
2025-10-27,PIT,STL,STL,0.6,PIT,LOSS
2025-10-28,SJS,LAK,SJS,0.56,LAK,LOSS
2025-10-28,DAL,WSH,WSH,0.61,DAL,LOSS
2025-10-28,COL,NJD,COL,0.68,COL,WIN
2025-10-28,CHI,OTT,OTT,0.64,CHI,LOSS
2025-10-28,TOR,CGY,CGY,0.55,TOR,LOSS
2025-10-28,BOS,NYI,NYI,0.57,BOS,LOSS
2025-10-28,FLA,ANA,FLA,0.63,ANA,LOSS
2025-10-28,PHI,PIT,PHI,0.7,PHI,WIN
2025-10-28,MIN,WPG,WPG,0.62,WPG,WIN
2025-10-30,MIN,PIT,PIT,0.72,PIT,WIN
2025-10-30,WPG,CHI,WPG,0.84,WPG,WIN
2025-10-30,CAR,NYI,CAR,0.68,CAR,WIN
2025-10-30,PHI,NSH,PHI,0.696,PHI,WIN
2025-10-30,OTT,CGY,CGY,0.7,OTT,LOSS
2025-10-30,STL,VAN,VAN,0.67,VAN,WIN
2025-10-31,WSH,NYI,WSH,0.7453846153846154,NYI,LOSS
2025-10-31,ANA,DET,ANA,0.57,ANA,WIN
2025-11-01,PHI,TOR,TOR,0.74,TOR,WIN
2025-11-01,EDM,CHI,EDM,0.8,EDM,WIN
2025-11-01,LAK,NJD,NJD,0.56,NJD,WIN
2025-11-01,MIN,VAN,VAN,0.56,MIN,LOSS
2025-11-01,MTL,OTT,MTL,0.633125,MTL,WIN
2025-11-01,SJS,COL,COL,0.71,SJS,LOSS
2025-11-01,FLA,DAL,DAL,0.63,FLA,LOSS
2025-11-01,NSH,CGY,CGY,0.62,NSH,LOSS
2025-11-01,WPG,PIT,WPG,0.63,WPG,WIN
2025-11-01,BUF,WSH,WSH,0.67,BUF,LOSS
2025-11-02,PHI,CGY,PHI,0.59,CGY,LOSS
2025-11-02,ANA,NJD,ANA,0.59,ANA,WIN
2025-11-03,STL,EDM,EDM,0.68,STL,LOSS
2025-11-03,TOR,PIT,PIT,0.68,TOR,LOSS
2025-11-04,ANA,FLA,FLA,0.71,ANA,LOSS
2025-11-04,MTL,PHI,MTL,0.65,PHI,LOSS
2025-11-04,NYI,BOS,NYI,0.68,BOS,LOSS
2025-11-04,DAL,EDM,EDM,0.66,DAL,LOSS
2025-11-04,MIN,NSH,NSH,0.5867857142857144,MIN,LOSS
2025-11-04,LAK,WPG,WPG,0.68,LAK,LOSS
2025-11-05,VAN,CHI,VAN,0.77,CHI,LOSS
2025-11-06,LAK,FLA,FLA,0.56,FLA,WIN
2025-11-06,NJD,MTL,MTL,0.68,NJD,LOSS
2025-11-06,CAR,MIN,CAR,0.59,CAR,WIN
2025-11-06,PIT,WSH,WSH,0.58,PIT,LOSS
2025-11-06,DAL,ANA,DAL,0.6,ANA,LOSS
2025-11-07,CGY,CHI,CGY,0.6,CHI,LOSS
2025-11-07,SJS,WPG,WPG,0.66,SJS,LOSS
2025-11-07,NYI,MIN,NYI,0.7775,MIN,LOSS
2025-11-08,CAR,BUF,CAR,0.74,CAR,WIN
2025-11-08,SJS,FLA,FLA,0.6,SJS,LOSS
2025-11-08,NYR,NYI,NYI,0.62,NYI,WIN
2025-11-08,VGK,ANA,VGK,0.59,ANA,LOSS
2025-11-08,PHI,OTT,PHI,0.7466666666666666,OTT,LOSS
2025-11-08,NJD,PIT,PIT,0.61,NJD,LOSS
2025-11-09,ANA,WPG,WPG,0.79,ANA,LOSS
2025-11-09,VAN,COL,VAN,0.65,COL,LOSS
2025-11-09,MIN,CGY,MIN,0.5635555555555556,MIN,WIN
2025-11-09,DET,CHI,DET,0.68,CHI,LOSS
2025-11-09,PIT,LAK,PIT,0.62,LAK,LOSS
2025-11-09,TOR,CAR,CAR,0.72,CAR,WIN
2025-11-10,NJD,NYI,NYI,0.63,NYI,WIN
2025-11-10,VGK,FLA,FLA,0.6396250000000001,FLA,WIN
2025-11-11,BOS,TOR,TOR,0.55,BOS,LOSS
2025-11-11,MTL,LAK,LAK,0.59,LAK,WIN
2025-11-11,CAR,WSH,CAR,0.71,WSH,LOSS
2025-11-11,STL,CGY,STL,0.6741666666666667,STL,WIN
2025-11-11,MIN,SJS,MIN,0.6,SJS,LOSS
2025-11-11,COL,ANA,COL,0.69,COL,WIN
2025-11-11,VAN,WPG,WPG,0.55,WPG,WIN
2025-11-13,COL,BUF,COL,0.62,COL,WIN
2025-11-13,VGK,NYI,VGK,0.67,NYI,LOSS
2025-11-13,CGY,SJS,CGY,0.72,CGY,WIN
2025-11-13,FLA,WSH,FLA,0.6446153846153845,FLA,WIN
2025-11-13,MTL,DAL,DAL,0.58,DAL,WIN
2025-11-13,DET,ANA,DET,0.69,DET,WIN
2025-11-13,TOR,LAK,LAK,0.61,LAK,WIN
2025-11-14,NSH,PIT,NSH,0.67,NSH,WIN
2025-11-14,CAR,VAN,CAR,0.57,CAR,WIN
2025-11-14,STL,PHI,PHI,0.56,PHI,WIN
2025-11-15,CGY,WPG,WPG,0.67,WPG,WIN
2025-11-15,DAL,PHI,DAL,0.76,DAL,WIN
2025-11-15,STL,VGK,VGK,0.664,VGK,WIN
2025-11-15,CHI,TOR,TOR,0.58,CHI,LOSS
2025-11-15,CAR,EDM,EDM,0.6333333333333333,EDM,WIN
2025-11-15,DET,BUF,DET,0.58,BUF,LOSS
2025-11-15,MTL,BOS,MTL,0.56,BOS,LOSS
2025-11-15,MIN,ANA,ANA,0.55,MIN,LOSS
2025-11-16,PIT,NSH,PIT,0.57,PIT,WIN
2025-11-16,MIN,VGK,VGK,0.56,MIN,LOSS
2025-11-16,COL,NYI,COL,0.68,COL,WIN
2025-11-17,BUF,EDM,EDM,0.56,BUF,LOSS
2025-11-17,BOS,CAR,CAR,0.58,CAR,WIN
2025-11-17,FLA,VAN,VAN,0.59,FLA,LOSS
2025-11-18,DAL,NYI,DAL,0.76,NYI,LOSS
2025-11-18,CHI,CGY,CGY,0.55,CHI,LOSS
2025-11-18,VGK,NYR,VGK,0.55,VGK,WIN
2025-11-20,ANA,OTT,ANA,0.64,OTT,LOSS
2025-11-20,VAN,DAL,DAL,0.65,DAL,WIN
2025-11-20,COL,NYR,COL,0.56,COL,WIN
2025-11-20,SJS,LAK,LAK,0.7,SJS,LOSS
2025-11-20,FLA,NJD,FLA,0.7,FLA,WIN
2025-11-20,MTL,WSH,MTL,0.58,WSH,LOSS
2025-11-20,PHI,STL,PHI,0.6632142857142856,PHI,WIN
2025-11-21,WPG,CAR,WPG,0.57,CAR,LOSS
2025-11-21,PIT,MIN,PIT,0.61,MIN,LOSS
2025-11-22,NYI,STL,NYI,0.77,STL,LOSS
2025-11-22,MTL,TOR,TOR,0.67,MTL,LOSS
2025-11-22,PHI,NJD,PHI,0.57,PHI,WIN
2025-11-22,SJS,OTT,OTT,0.76,OTT,WIN
2025-11-22,NSH,COL,NSH,0.65,COL,LOSS
2025-11-22,CGY,DAL,DAL,0.63,CGY,LOSS
2025-11-22,ANA,VGK,VGK,0.57,ANA,LOSS
2025-11-23,SJS,BOS,BOS,0.67,SJS,LOSS
2025-11-23,CHI,COL,COL,0.69,COL,WIN
2025-11-23,BUF,CAR,BUF,0.58,BUF,WIN
2025-11-24,NJD,DET,DET,0.57,NJD,LOSS
2025-11-24,NYR,STL,STL,0.62,NYR,LOSS
2025-11-25,EDM,DAL,DAL,0.57,DAL,WIN
2025-11-26,VGK,OTT,VGK,0.66,OTT,LOSS
2025-11-26,ANA,VAN,VAN,0.62,VAN,WIN
2025-11-26,COL,SJS,COL,0.73,COL,WIN
2025-11-26,CHI,MIN,MIN,0.55,MIN,WIN
2025-11-26,FLA,PHI,FLA,0.58,PHI,LOSS
2025-11-26,NYI,BOS,NYI,0.68,BOS,LOSS
2025-11-26,DET,NSH,DET,0.63,NSH,LOSS
2025-11-26,WSH,WPG,WSH,0.55,WSH,WIN
2025-11-28,WSH,TOR,WSH,0.55,WSH,WIN
2025-11-28,SJS,VAN,VAN,0.79,SJS,LOSS
2025-11-28,ANA,LAK,LAK,0.56,ANA,LOSS
2025-11-28,VGK,MTL,VGK,0.62,MTL,LOSS
2025-11-28,STL,OTT,OTT,0.5969230769230769,STL,LOSS
2025-11-28,FLA,CGY,FLA,0.66,CGY,LOSS
2025-11-28,BUF,NJD,BUF,0.62,NJD,LOSS
2025-11-28,MIN,COL,MIN,0.61,MIN,WIN
2025-11-28,BOS,NYR,BOS,0.57,NYR,LOSS
2025-11-29,PIT,TOR,TOR,0.59,TOR,WIN
2025-11-29,NJD,PHI,PHI,0.59,PHI,WIN
2025-11-29,BOS,DET,DET,0.5638888888888889,BOS,LOSS
2025-11-29,COL,MTL,COL,0.69,COL,WIN
2025-11-30,NYI,WSH,WSH,0.65,WSH,WIN
2025-11-30,CHI,ANA,ANA,0.6,CHI,LOSS
2025-11-30,CAR,CGY,CAR,0.61,CAR,WIN
2025-11-30,DAL,OTT,DAL,0.68,DAL,WIN
2025-12-01,PHI,PIT,PHI,0.55,PIT,LOSS
2025-12-02,MTL,OTT,MTL,0.5564206349206349,OTT,LOSS
2025-12-02,NYR,DAL,NYR,0.62,NYR,WIN
2025-12-02,FLA,TOR,FLA,0.55,TOR,LOSS
2025-12-02,NSH,CGY,NSH,0.73,NSH,WIN
2025-12-02,COL,VAN,COL,0.75,COL,WIN
2025-12-02,EDM,MIN,EDM,0.65,MIN,LOSS
2025-12-03,SJS,WSH,WSH,0.68,WSH,WIN
2025-12-03,NJD,DAL,NJD,0.56,DAL,LOSS
2025-12-03,MTL,WPG,WPG,0.66,MTL,LOSS
2025-12-04,FLA,NSH,FLA,0.6639010989010989,NSH,LOSS
2025-12-04,NYI,COL,NYI,0.56,NYI,WIN
2025-12-04,CAR,TOR,TOR,0.6,TOR,WIN
2025-12-04,CGY,MIN,CGY,0.56,CGY,WIN
2025-12-04,LAK,CHI,LAK,0.57,CHI,LOSS
2025-12-05,ANA,WSH,ANA,0.58,ANA,WIN
2025-12-05,DAL,SJS,DAL,0.71,DAL,WIN
2025-12-05,NJD,VGK,NJD,0.55,VGK,LOSS
2025-12-05,WPG,BUF,WPG,0.79,WPG,WIN
2025-12-06,NYR,COL,COL,0.6,COL,WIN
2025-12-06,TOR,MTL,TOR,0.57,MTL,LOSS
2025-12-06,OTT,STL,OTT,0.67,STL,LOSS
2025-12-06,CAR,NSH,CAR,0.7,CAR,WIN
2025-12-06,LAK,CHI,LAK,0.57,LAK,WIN
2025-12-06,EDM,WPG,WPG,0.65,EDM,LOSS
2025-12-06,VAN,MIN,MIN,0.5775,VAN,LOSS
2025-12-07,MTL,STL,STL,0.6,STL,WIN
2025-12-07,CAR,SJS,CAR,0.76,SJS,LOSS
2025-12-07,DAL,PIT,DAL,0.7,DAL,WIN
2025-12-07,FLA,NYI,FLA,0.59,FLA,WIN
2025-12-07,PHI,COL,COL,0.63,COL,WIN
2025-12-08,CGY,BUF,CGY,0.59,CGY,WIN
2025-12-08,VAN,DET,DET,0.58,DET,WIN
2025-12-09,NSH,COL,COL,0.55,NSH,LOSS
2025-12-09,EDM,BUF,BUF,0.62,BUF,WIN
2025-12-09,WPG,DAL,WPG,0.59,DAL,LOSS
2025-12-09,PHI,SJS,PHI,0.69,PHI,WIN
2025-12-09,NYI,VGK,VGK,0.59,NYI,LOSS
2025-12-09,OTT,NJD,OTT,0.6,NJD,LOSS
2025-12-09,PIT,ANA,PIT,0.57,ANA,LOSS
2025-12-10,CHI,NYR,NYR,0.59,CHI,LOSS
2025-12-10,CGY,DET,CGY,0.56,DET,LOSS
2025-12-11,WPG,BOS,WPG,0.63,BOS,LOSS
2025-12-11,COL,FLA,COL,0.59,COL,WIN
2025-12-11,EDM,DET,EDM,0.5646666666666667,EDM,WIN
2025-12-11,MIN,DAL,DAL,0.71,MIN,LOSS
2025-12-11,WSH,CAR,CAR,0.55,CAR,WIN
2025-12-11,PIT,MTL,MTL,0.64,MTL,WIN
2025-12-11,NYI,ANA,ANA,0.55,NYI,LOSS
2025-12-11,TOR,SJS,TOR,0.66,SJS,LOSS
2025-12-11,NSH,STL,NSH,0.59,NSH,WIN
2025-12-12,STL,CHI,CHI,0.58,STL,LOSS
2025-12-13,COL,NSH,COL,0.66,COL,WIN
2025-12-13,DAL,FLA,FLA,0.6,FLA,WIN
2025-12-13,CHI,DET,DET,0.67,DET,WIN
2025-12-13,WPG,WSH,WPG,0.62,WPG,WIN
2025-12-13,PIT,SJS,PIT,0.61,SJS,LOSS
2025-12-13,MIN,OTT,OTT,0.562,MIN,LOSS
2025-12-13,PHI,CAR,PHI,0.58,CAR,LOSS
2025-12-14,MIN,BOS,BOS,0.5752828282828283,MIN,LOSS
2025-12-14,CAR,PHI,CAR,0.74,CAR,WIN
2025-12-15,DAL,LAK,DAL,0.6,DAL,WIN
2025-12-15,STL,NSH,STL,0.6,NSH,LOSS
2025-12-15,WPG,OTT,WPG,0.63,OTT,LOSS
2025-12-15,NYR,ANA,NYR,0.57,ANA,LOSS
2025-12-16,TOR,CHI,TOR,0.81,TOR,WIN
2025-12-16,MTL,PHI,MTL,0.7,PHI,LOSS
2025-12-16,DET,NYI,DET,0.58,DET,WIN
2025-12-16,PIT,EDM,EDM,0.57,EDM,WIN
2025-12-16,SJS,CGY,CGY,0.72,SJS,LOSS
2025-12-17,VGK,NJD,VGK,0.63,NJD,LOSS
2025-12-17,NSH,CAR,NSH,0.61,CAR,LOSS
2025-12-17,STL,WPG,WPG,0.63,STL,LOSS
2025-12-18,BOS,EDM,EDM,0.72,EDM,WIN
2025-12-18,MTL,CHI,MTL,0.85,MTL,WIN
2025-12-18,OTT,PIT,OTT,0.5544444444444444,OTT,WIN
2025-12-18,WSH,TOR,WSH,0.74,WSH,WIN
2025-12-18,STL,NYR,NYR,0.62,NYR,WIN
2025-12-18,SJS,DAL,DAL,0.78,DAL,WIN
2025-12-19,NYI,VAN,VAN,0.6,VAN,WIN
2025-12-19,FLA,CAR,FLA,0.61,FLA,WIN
2025-12-20,MTL,PIT,MTL,0.62,MTL,WIN
2025-12-20,CGY,VGK,CGY,0.59,CGY,WIN
2025-12-20,MIN,EDM,MIN,0.66,MIN,WIN
2025-12-20,OTT,CHI,OTT,0.74,OTT,WIN
2025-12-20,WSH,DET,DET,0.5775,DET,WIN
2025-12-20,BUF,NYI,BUF,0.55,BUF,WIN
2025-12-20,NYR,PHI,PHI,0.56,NYR,LOSS
2025-12-21,BOS,OTT,BOS,0.5892857142857143,OTT,LOSS
2025-12-21,NJD,BUF,BUF,0.69,BUF,WIN
2025-12-21,PIT,MTL,MTL,0.7255555555555556,PIT,LOSS
2025-12-21,NSH,NYR,NYR,0.6,NSH,LOSS
2025-12-21,DAL,TOR,DAL,0.7,DAL,WIN
2025-12-22,PHI,VAN,VAN,0.62,PHI,LOSS
2025-12-23,CHI,PHI,PHI,0.58,PHI,WIN
2025-12-23,WSH,NYR,WSH,0.6,NYR,LOSS
2025-12-23,VGK,SJS,VGK,0.56,VGK,WIN
2025-12-23,EDM,CGY,EDM,0.57,EDM,WIN
2025-12-23,CAR,FLA,FLA,0.61,FLA,WIN
2025-12-23,OTT,BUF,OTT,0.66,BUF,LOSS
2025-12-23,NYI,NJD,NYI,0.7,NYI,WIN
2025-12-27,VGK,COL,VGK,0.61,COL,LOSS
2025-12-27,VAN,SJS,VAN,0.57,SJS,LOSS
2025-12-27,CGY,EDM,EDM,0.7029411764705883,CGY,LOSS
2025-12-27,DAL,CHI,DAL,0.84,CHI,LOSS
2025-12-27,STL,NSH,STL,0.61,STL,WIN
2025-12-27,CAR,DET,CAR,0.79,CAR,WIN
2025-12-27,TOR,OTT,TOR,0.68,TOR,WIN
2025-12-27,BUF,BOS,BUF,0.55,BUF,WIN
2025-12-27,NYI,NYR,NYR,0.67,NYI,LOSS
2025-12-29,CGY,BOS,CGY,0.5734690799396681,CGY,WIN
2025-12-29,VGK,MIN,MIN,0.57,MIN,WIN
2025-12-29,ANA,SJS,ANA,0.77,SJS,LOSS
2025-12-29,COL,LAK,COL,0.76,COL,WIN
2025-12-29,CAR,NYR,NYR,0.59,CAR,LOSS
2025-12-29,WPG,EDM,WPG,0.55,EDM,LOSS
2025-12-29,FLA,WSH,FLA,0.56,FLA,WIN
2025-12-29,STL,BUF,STL,0.65,BUF,LOSS
2025-12-30,TOR,NJD,TOR,0.6,TOR,WIN
2025-12-30,FLA,MTL,FLA,0.55,MTL,LOSS
2025-12-30,PIT,CAR,CAR,0.64,PIT,LOSS
2025-12-30,CHI,NYI,NYI,0.55,NYI,WIN
2025-12-30,VAN,PHI,PHI,0.72,PHI,WIN
2025-12-31,WSH,NYR,WSH,0.6,WSH,WIN
2025-12-31,VGK,NSH,VGK,0.63,NSH,LOSS
2025-12-31,SJS,MIN,MIN,0.79,SJS,LOSS
2025-12-31,DET,WPG,WPG,0.64,DET,LOSS
2025-12-31,DAL,BUF,DAL,0.78,BUF,LOSS
2025-12-31,COL,STL,COL,0.62,COL,WIN
2025-12-31,EDM,BOS,EDM,0.55,BOS,LOSS
2026-01-01,CAR,MTL,CAR,0.65,MTL,LOSS
2026-01-01,CHI,DAL,DAL,0.55,CHI,LOSS
2026-01-01,OTT,WSH,WSH,0.6628571428571428,OTT,LOSS
2026-01-02,ANA,MIN,ANA,0.63,MIN,LOSS
2026-01-03,CGY,NSH,CGY,0.55,NSH,LOSS
2026-01-03,WSH,CHI,WSH,0.56,CHI,LOSS
2026-01-03,LAK,MIN,LAK,0.63,LAK,WIN
2026-01-03,OTT,WPG,WPG,0.72,OTT,LOSS
2026-01-03,STL,MTL,STL,0.56,STL,WIN
2026-01-03,EDM,PHI,EDM,0.62,PHI,LOSS
2026-01-04,DAL,MTL,MTL,0.5925,MTL,WIN
2026-01-04,NJD,CAR,NJD,0.58,CAR,LOSS
2026-01-04,CHI,VGK,CHI,0.55,CHI,WIN
2026-01-05,WSH,ANA,WSH,0.64,WSH,WIN
2026-01-05,LAK,MIN,LAK,0.65,LAK,WIN
2026-01-06,EDM,NSH,EDM,0.67,EDM,WIN
2026-01-06,TOR,FLA,TOR,0.57,TOR,WIN
2026-01-06,NYI,NJD,NYI,0.7,NYI,WIN
2026-01-06,PHI,ANA,ANA,0.69,PHI,LOSS
2026-01-06,BUF,VAN,VAN,0.57,BUF,LOSS
2026-01-07,MTL,CGY,MTL,0.6,MTL,WIN
2026-01-07,LAK,SJS,LAK,0.71,SJS,LOSS
2026-01-08,COL,OTT,COL,0.64,COL,WIN
2026-01-08,NSH,NYI,NSH,0.6645454545454546,NSH,WIN
2026-01-08,CAR,ANA,CAR,0.58,CAR,WIN
2026-01-08,PIT,NJD,PIT,0.67,PIT,WIN
2026-01-08,DET,VAN,DET,0.61,DET,WIN
2026-01-08,MTL,FLA,MTL,0.65,MTL,WIN
2026-01-08,BOS,CGY,CGY,0.56,BOS,LOSS
2026-01-10,VGK,STL,VGK,0.616,VGK,WIN
2026-01-10,EDM,LAK,EDM,0.56,LAK,LOSS
2026-01-10,MIN,NYI,NYI,0.7,NYI,WIN
2026-01-10,NSH,CHI,NSH,0.6,CHI,LOSS
2026-01-10,OTT,FLA,OTT,0.67,FLA,LOSS
2026-01-10,SJS,DAL,DAL,0.85,SJS,LOSS
2026-01-10,TOR,VAN,TOR,0.62,TOR,WIN
2026-01-10,MTL,DET,MTL,0.62,DET,LOSS
2026-01-11,WPG,NJD,WPG,0.62,WPG,WIN
2026-01-11,BOS,PIT,PIT,0.62,BOS,LOSS
2026-01-11,NSH,WSH,WSH,0.5680357142857143,NSH,LOSS
2026-01-11,SJS,VGK,VGK,0.74,VGK,WIN
2026-01-12,BUF,FLA,FLA,0.56,FLA,WIN
2026-01-12,MTL,VAN,MTL,0.55,MTL,WIN
2026-01-12,CHI,EDM,EDM,0.55,EDM,WIN
2026-01-12,LAK,DAL,LAK,0.68,DAL,LOSS
2026-01-13,ANA,DAL,DAL,0.6,ANA,LOSS
2026-01-13,STL,CAR,CAR,0.706923076923077,STL,LOSS
2026-01-13,WSH,MTL,WSH,0.55,WSH,WIN
2026-01-13,BOS,DET,DET,0.64,BOS,LOSS
2026-01-14,BUF,PHI,BUF,0.57,BUF,WIN
2026-01-14,LAK,VGK,LAK,0.65,VGK,LOSS
2026-01-15,VGK,TOR,VGK,0.62,VGK,WIN
2026-01-15,EDM,NYI,EDM,0.61,NYI,LOSS
2026-01-15,MIN,WPG,WPG,0.6,WPG,WIN
2026-01-15,PIT,PHI,PIT,0.64,PIT,WIN
2026-01-15,BUF,MTL,MTL,0.61,BUF,LOSS
2026-01-15,WSH,SJS,WSH,0.71,SJS,LOSS
2026-01-16,DET,SJS,DET,0.65,DET,WIN
2026-01-16,COL,NSH,COL,0.64,NSH,LOSS
2026-01-16,LAK,ANA,LAK,0.69,ANA,LOSS
2026-01-17,CHI,BOS,BOS,0.63,BOS,WIN
2026-01-17,ANA,LAK,ANA,0.61,ANA,WIN
2026-01-17,NJD,CAR,NJD,0.56,CAR,LOSS
2026-01-17,OTT,MTL,MTL,0.6,MTL,WIN
2026-01-17,BUF,MIN,BUF,0.61,MIN,LOSS
2026-01-17,WSH,FLA,WSH,0.58,FLA,LOSS
2026-01-18,DET,OTT,OTT,0.57,DET,LOSS
2026-01-18,EDM,STL,EDM,0.61,EDM,WIN
2026-01-19,VAN,NYI,NYI,0.61,NYI,WIN
2026-01-19,CHI,WPG,WPG,0.56,CHI,LOSS
