run_id,run_at,game_id,game_date,market,side,label,point,p_model,p_market,p_push,book,decimal,edge,ev,n_books,lam_home,lam_away,exp_total,odds_captured_at,player_id
2026-10-07-late-2146,2026-10-07T21:46:26+00:00,2026020053,2026-10-07,player_points,over:8471214,A. Ovechkin Over 0.5,0.5,0.46950710151927555,0.5294030426126546,0.0,,1.83,-0.059895941093379035,-0.14080200421972572,3,,,0.6339487074819319,2026-10-07T21:46:16+00:00,8471214.0
2026-10-07-late-2146,2026-10-07T21:46:26+00:00,2026020053,2026-10-07,player_points,over:8471215,E. Malkin Over 0.5,0.5,0.5699362216723329,0.5191191242044758,0.0,,1.83,0.05081709746785712,0.0429832856603693,3,,,0.8438217596008545,2026-10-07T21:46:16+00:00,8471215.0
2026-10-07-late-2146,2026-10-07T21:46:26+00:00,2026020053,2026-10-07,player_points,over:8471675,S. Crosby Over 0.5,0.5,0.5480319342378156,0.6007194309920805,0.0,,1.6,-0.05268749675426487,-0.12314890521949501,3,,,0.7941437526144215,2026-10-07T21:46:16+00:00,8471675.0
2026-10-07-late-2146,2026-10-07T21:46:26+00:00,2026020053,2026-10-07,player_points,over:8471724,K. Letang Over 0.5,0.5,0.37931008509933306,0.346265284631113,0.0,,2.75,0.03304480046822006,0.04310273402316589,3,,,0.47692365363932243,2026-10-07T21:46:16+00:00,8471724.0
2026-10-07-late-2146,2026-10-07T21:46:26+00:00,2026020053,2026-10-07,player_points,over:8474578,E. Karlsson Over 0.5,0.5,0.5506615755892688,0.5316748281332115,0.0,,1.82,0.018986747456057218,0.0022040675724691594,3,,,0.7999789459512368,2026-10-07T21:46:16+00:00,8474578.0
2026-10-07-late-2146,2026-10-07T21:46:26+00:00,2026020053,2026-10-07,player_points,over:8476432,B. Jenner Over 0.5,0.5,0.4064677957498912,0.3438516590761019,0.0,,2.65,0.06261613667378935,0.07713965873721174,1,,,0.5216638048205127,2026-10-07T21:46:16+00:00,8476432.0
2026-10-07-late-2146,2026-10-07T21:46:26+00:00,2026020053,2026-10-07,player_points,over:8476483,R. Rakell Over 0.5,0.5,0.520697197040092,0.49659565212461326,0.0,,1.91,0.024101544915478723,-0.0054683536534243515,3,,,0.7354227248054683,2026-10-07T21:46:16+00:00,8476483.0
2026-10-07-late-2146,2026-10-07T21:46:26+00:00,2026020053,2026-10-07,player_points,over:8476880,T. Wilson Over 0.5,0.5,0.5169913317219805,0.5503006047249696,0.0,,1.71,-0.033309273002989026,-0.11594482275541329,3,,,0.7277206787452236,2026-10-07T21:46:16+00:00,8476880.0
2026-10-07-late-2146,2026-10-07T21:46:26+00:00,2026020053,2026-10-07,player_points,over:8477845,T. van Riemsdyk Over 0.5,0.5,0.25116012321083403,0.24161408299897746,0.0,,3.85,0.009546040211856566,-0.033033525638288985,2,,,0.28923010097767665,2026-10-07T21:46:16+00:00,8477845.0
2026-10-07-late-2146,2026-10-07T21:46:26+00:00,2026020053,2026-10-07,player_points,over:8477949,A. Tuch Over 0.5,0.5,0.5510329401721048,0.5582337236719637,0.0,,1.69,-0.007200783499858865,-0.06875433110914292,3,,,0.8008057573433701,2026-10-07T21:46:16+00:00,8477949.0
2026-10-07-late-2146,2026-10-07T21:46:26+00:00,2026020053,2026-10-07,player_points,over:8478438,T. Novak Over 0.5,0.5,0.4153504274050279,0.40666136359220495,0.0,,2.4,0.008689063812822972,-0.003158974227932987,3,,,0.5367426324403392,2026-10-07T21:46:16+00:00,8478438.0
2026-10-07-late-2146,2026-10-07T21:46:26+00:00,2026020053,2026-10-07,player_points,over:8478440,D. Strome Over 0.5,0.5,0.44489165857215707,0.5462686884715909,0.0,,1.77,-0.10137702989943387,-0.212541764327282,3,,,0.5885919745067549,2026-10-07T21:46:16+00:00,8478440.0
2026-10-07-late-2146,2026-10-07T21:46:26+00:00,2026020053,2026-10-07,player_points,over:8478463,A. Beauvillier Over 0.5,0.5,0.3256318347498144,0.3523851754799052,0.0,,2.61,-0.026753340730090835,-0.15010091130298453,3,,,0.3939790779605805,2026-10-07T21:46:16+00:00,8478463.0
2026-10-07-late-2146,2026-10-07T21:46:26+00:00,2026020053,2026-10-07,player_points,over:8479345,J. Chychrun Over 0.5,0.5,0.5001642116754277,0.5502251089275719,0.0,,1.74,-0.05006089725214424,-0.12971427168475586,3,,,0.6934756578535606,2026-10-07T21:46:16+00:00,8479345.0
2026-10-07-late-2146,2026-10-07T21:46:26+00:00,2026020053,2026-10-07,player_points,over:8479385,J. Kyrou Over 0.5,0.5,0.3938109151210142,0.45492385401190916,0.0,,2.1,-0.061112938890894974,-0.17299707824587018,3,,,0.5005633203288783,2026-10-07T21:46:16+00:00,8479385.0
2026-10-07-late-2146,2026-10-07T21:46:26+00:00,2026020053,2026-10-07,player_points,over:8479398,S. Girard Over 0.5,0.5,0.34807790248003534,0.28535047295661775,0.0,,3.1,0.06272742952341759,0.07904149768810953,1,,,0.4278302065254091,2026-10-07T21:46:16+00:00,8479398.0
2026-10-07-late-2146,2026-10-07T21:46:26+00:00,2026020053,2026-10-07,player_points,over:8479400,P. Dubois Over 0.5,0.5,0.47072513445162834,0.5315858595401045,0.0,,1.8,-0.060860725088476175,-0.152694757987069,3,,,0.636247387456977,2026-10-07T21:46:16+00:00,8479400.0
2026-10-07-late-2146,2026-10-07T21:46:26+00:00,2026020053,2026-10-07,player_points,over:8479576,V. Desharnais Over 0.5,0.5,0.19464891337175072,0.24285714285704807,0.0,,3.5,-0.04820822948529735,-0.3187288031988725,1,,,0.2164769641842379,2026-10-07T21:46:16+00:00,8479576.0
2026-10-07-late-2146,2026-10-07T21:46:26+00:00,2026020053,2026-10-07,player_points,over:8480043,T. Liljegren Over 0.5,0.5,0.23637597942817934,0.33216783216776746,0.0,,2.75,-0.09579185273958812,-0.3499660565725068,1,,,0.26967973061663547,2026-10-07T21:46:16+00:00,8480043.0
2026-10-07-late-2146,2026-10-07T21:46:26+00:00,2026020053,2026-10-07,player_points,over:8480796,M. Fehérváry Over 0.5,0.5,0.32650792513486193,0.2758602056513855,0.0,,3.4,0.050647719483476406,0.11012694545853052,3,,,0.39527905029057514,2026-10-07T21:46:16+00:00,8480796.0
2026-10-07-late-2146,2026-10-07T21:46:26+00:00,2026020053,2026-10-07,player_points,over:8480980,C. Dewar Over 0.5,0.5,0.28723239732207695,0.2935323383084572,0.0,,3.0,-0.006299940986380259,-0.13830280803376915,1,,,0.33859985464700376,2026-10-07T21:46:16+00:00,8480980.0
2026-10-07-late-2146,2026-10-07T21:46:26+00:00,2026020053,2026-10-07,player_points,over:8481481,B. Lizotte Over 0.5,0.5,0.2583446943907358,0.30596405228760254,0.0,,2.88,-0.04761935789686672,-0.25596728015468084,1,,,0.298870691446876,2026-10-07T21:46:16+00:00,8481481.0
2026-10-07-late-2146,2026-10-07T21:46:26+00:00,2026020053,2026-10-07,player_points,over:8481527,K. Korczak Over 0.5,0.5,0.22618566517464855,0.194600792161669,0.0,,4.1,0.03158487301297955,-0.07263877278394104,1,,,0.2564233116542421,2026-10-07T21:46:16+00:00,8481527.0
2026-10-07-late-2146,2026-10-07T21:46:26+00:00,2026020053,2026-10-07,player_points,over:8481582,N. Robertson Over 0.5,0.5,0.2796064581821657,0.30476673427985695,0.0,,2.9,-0.02516027609769128,-0.18914127127171954,1,,,0.32795763043757337,2026-10-07T21:46:16+00:00,8481582.0
2026-10-07-late-2146,2026-10-07T21:46:26+00:00,2026020053,2026-10-07,player_points,over:8481656,A. Protas Over 0.5,0.5,0.4378492488232879,0.40744864165699984,0.0,,2.3,0.030400607166288063,0.007053272293562118,3,,,0.5759852245305465,2026-10-07T21:46:16+00:00,8481656.0
2026-10-07-late-2146,2026-10-07T21:46:26+00:00,2026020053,2026-10-07,player_points,over:8482088,J. Sourdif Over 0.5,0.5,0.3684689572341011,0.3559720046245471,0.0,,2.61,0.012496952609554024,-0.038296021618996146,3,,,0.4596081812091112,2026-10-07T21:46:16+00:00,8482088.0
2026-10-07-late-2146,2026-10-07T21:46:26+00:00,2026020053,2026-10-07,player_points,over:8482148,H. Lapierre Over 0.5,0.5,0.26325968120306986,0.3221413989981911,0.0,,2.95,-0.05888171779512125,-0.2233839404509439,2,,,0.30551979786881617,2026-10-07T21:46:16+00:00,8482148.0
2026-10-07-late-2146,2026-10-07T21:46:26+00:00,2026020053,2026-10-07,player_points,over:8482758,V. Koivunen Over 0.5,0.5,0.25186143633622504,0.28535047295661775,0.0,,3.1,-0.03348903662039271,-0.2192295473577024,1,,,0.2901670726236901,2026-10-07T21:46:16+00:00,8482758.0
2026-10-07-late-2146,2026-10-07T21:46:26+00:00,2026020053,2026-10-07,player_points,over:8483398,D. Carlile Over 0.5,0.5,0.26531604516271967,0.22529906956143284,0.0,,3.7,0.040016975601286836,-0.018330632897937127,1,,,0.3083148656616462,2026-10-07T21:46:16+00:00,8483398.0
2026-10-07-late-2146,2026-10-07T21:46:26+00:00,2026020053,2026-10-07,player_points,over:8484186,R. Leonard Over 0.5,0.5,0.3993480686972388,0.3918865968587357,0.0,,2.4,0.007461471838503098,-0.04156463512662689,3,,,0.5097396614652876,2026-10-07T21:46:16+00:00,8484186.0
2026-10-07-late-2146,2026-10-07T21:46:26+00:00,2026020053,2026-10-07,player_points,over:8484873,C. Hutson Over 0.5,0.5,0.3803340425041153,0.41283280662273475,0.0,,2.3,-0.03249876411861946,-0.12523170224053493,3,,,0.4785747243685895,2026-10-07T21:46:16+00:00,8484873.0
2026-10-07-late-2146,2026-10-07T21:46:26+00:00,2026020053,2026-10-07,player_points,over:8484999,I. Protas Over 0.5,0.5,0.4032921858491689,0.41869692207542225,0.0,,2.3,-0.015404736226253324,-0.07242797254691158,3,,,0.5163277089292708,2026-10-07T21:46:16+00:00,8484999.0
2026-10-07-late-2146,2026-10-07T21:46:26+00:00,2026020053,2026-10-07,player_points,over:8485414,B. Kindel Over 0.5,0.5,0.3543763931694668,0.37034828099766653,0.0,,2.52,-0.01597188782819975,-0.10697148921294375,3,,,0.43753859697227254,2026-10-07T21:46:16+00:00,8485414.0
2026-10-07-late-2146,2026-10-07T21:46:26+00:00,2026020053,2026-10-07,player_points,under:8471214,A. Ovechkin Under 0.5,0.5,0.5304928984807245,0.4705969573873454,0.0,,2.03,0.059895941093379035,0.07690058391587051,3,,,0.6339487074819319,2026-10-07T21:46:16+00:00,8471214.0
2026-10-07-late-2146,2026-10-07T21:46:26+00:00,2026020053,2026-10-07,player_points,under:8471215,E. Malkin Under 0.5,0.5,0.43006377832766707,0.4808808757955242,0.0,,2.0,-0.05081709746785712,-0.13987244334466586,3,,,0.8438217596008545,2026-10-07T21:46:16+00:00,8471215.0
2026-10-07-late-2146,2026-10-07T21:46:26+00:00,2026020053,2026-10-07,player_points,under:8471675,S. Crosby Under 0.5,0.5,0.4519680657621844,0.39928056900791953,0.0,,2.38,0.05268749675426487,0.07568399651399882,3,,,0.7941437526144215,2026-10-07T21:46:16+00:00,8471675.0
2026-10-07-late-2146,2026-10-07T21:46:26+00:00,2026020053,2026-10-07,player_points,under:8471724,K. Letang Under 0.5,0.5,0.6206899149006669,0.653734715368887,0.0,,1.48,-0.03304480046822006,-0.08137892594701296,3,,,0.47692365363932243,2026-10-07T21:46:16+00:00,8471724.0
2026-10-07-late-2146,2026-10-07T21:46:26+00:00,2026020053,2026-10-07,player_points,under:8474578,E. Karlsson Under 0.5,0.5,0.44933842441073124,0.46832517186678846,0.0,,2.05,-0.018986747456057218,-0.07885622995800101,3,,,0.7999789459512368,2026-10-07T21:46:16+00:00,8474578.0
2026-10-07-late-2146,2026-10-07T21:46:26+00:00,2026020053,2026-10-07,player_points,under:8476432,B. Jenner Under 0.5,0.5,0.5935322042501088,0.6561483409238982,0.0,,1.45,-0.06261613667378935,-0.1393783038373423,1,,,0.5216638048205127,2026-10-07T21:46:16+00:00,8476432.0
2026-10-07-late-2146,2026-10-07T21:46:26+00:00,2026020053,2026-10-07,player_points,under:8476483,R. Rakell Under 0.5,0.5,0.479302802959908,0.5034043478753867,0.0,,1.91,-0.024101544915478723,-0.08453164634657573,3,,,0.7354227248054683,2026-10-07T21:46:16+00:00,8476483.0
2026-10-07-late-2146,2026-10-07T21:46:26+00:00,2026020053,2026-10-07,player_points,under:8476880,T. Wilson Under 0.5,0.5,0.48300866827801947,0.44969939527503044,0.0,,2.12,0.033309273002989026,0.023978376749401287,3,,,0.7277206787452236,2026-10-07T21:46:16+00:00,8476880.0
2026-10-07-late-2146,2026-10-07T21:46:26+00:00,2026020053,2026-10-07,player_points,under:8477845,T. van Riemsdyk Under 0.5,0.5,0.748839876789166,0.7583859170010225,0.0,,1.27,-0.009546040211856566,-0.04897335647775922,2,,,0.28923010097767665,2026-10-07T21:46:16+00:00,8477845.0
2026-10-07-late-2146,2026-10-07T21:46:26+00:00,2026020053,2026-10-07,player_points,under:8477949,A. Tuch Under 0.5,0.5,0.4489670598278952,0.44176627632803633,0.0,,2.17,0.007200783499858865,-0.025741480173467446,3,,,0.8008057573433701,2026-10-07T21:46:16+00:00,8477949.0
2026-10-07-late-2146,2026-10-07T21:46:26+00:00,2026020053,2026-10-07,player_points,under:8478438,T. Novak Under 0.5,0.5,0.5846495725949721,0.593338636407795,0.0,,1.65,-0.008689063812822972,-0.035328205218296105,3,,,0.5367426324403392,2026-10-07T21:46:16+00:00,8478438.0
2026-10-07-late-2146,2026-10-07T21:46:26+00:00,2026020053,2026-10-07,player_points,under:8478440,D. Strome Under 0.5,0.5,0.5551083414278429,0.45373131152840906,0.0,,2.15,0.10137702989943387,0.19348293406986228,3,,,0.5885919745067549,2026-10-07T21:46:16+00:00,8478440.0
2026-10-07-late-2146,2026-10-07T21:46:26+00:00,2026020053,2026-10-07,player_points,under:8478463,A. Beauvillier Under 0.5,0.5,0.6743681652501856,0.6476148245200948,0.0,,1.48,0.026753340730090835,-0.0019351154297252982,3,,,0.3939790779605805,2026-10-07T21:46:16+00:00,8478463.0
2026-10-07-late-2146,2026-10-07T21:46:26+00:00,2026020053,2026-10-07,player_points,under:8479345,J. Chychrun Under 0.5,0.5,0.4998357883245723,0.4497748910724281,0.0,,2.1,0.05006089725214424,0.04965515548160193,3,,,0.6934756578535606,2026-10-07T21:46:16+00:00,8479345.0
2026-10-07-late-2146,2026-10-07T21:46:26+00:00,2026020053,2026-10-07,player_points,under:8479385,J. Kyrou Under 0.5,0.5,0.6061890848789858,0.5450761459880908,0.0,,1.76,0.061112938890894974,0.06689278938701504,3,,,0.5005633203288783,2026-10-07T21:46:16+00:00,8479385.0
2026-10-07-late-2146,2026-10-07T21:46:26+00:00,2026020053,2026-10-07,player_points,under:8479398,S. Girard Under 0.5,0.5,0.6519220975199647,0.7146495270433822,0.0,,1.33,-0.06272742952341759,-0.13294361029844695,1,,,0.4278302065254091,2026-10-07T21:46:16+00:00,8479398.0
2026-10-07-late-2146,2026-10-07T21:46:26+00:00,2026020053,2026-10-07,player_points,under:8479400,P. Dubois Under 0.5,0.5,0.5292748655483717,0.4684141404598955,0.0,,2.05,0.060860725088476175,0.08501347437416185,3,,,0.636247387456977,2026-10-07T21:46:16+00:00,8479400.0
2026-10-07-late-2146,2026-10-07T21:46:26+00:00,2026020053,2026-10-07,player_points,under:8479576,V. Desharnais Under 0.5,0.5,0.8053510866282493,0.7571428571429519,0.0,,1.25,0.04820822948529735,0.0066888582853116,1,,,0.2164769641842379,2026-10-07T21:46:16+00:00,8479576.0
2026-10-07-late-2146,2026-10-07T21:46:26+00:00,2026020053,2026-10-07,player_points,under:8480043,T. Liljegren Under 0.5,0.5,0.7636240205718207,0.6678321678322325,0.0,,1.43,0.09579185273958812,0.0919823494177035,1,,,0.26967973061663547,2026-10-07T21:46:16+00:00,8480043.0
2026-10-07-late-2146,2026-10-07T21:46:26+00:00,2026020053,2026-10-07,player_points,under:8480796,M. Fehérváry Under 0.5,0.5,0.6734920748651381,0.7241397943486145,0.0,,1.34,-0.050647719483476406,-0.09752061968071493,3,,,0.39527905029057514,2026-10-07T21:46:16+00:00,8480796.0
2026-10-07-late-2146,2026-10-07T21:46:26+00:00,2026020053,2026-10-07,player_points,under:8480980,C. Dewar Under 0.5,0.5,0.712767602677923,0.7064676616915428,0.0,,1.34,0.006299940986380259,-0.044891412411583065,1,,,0.33859985464700376,2026-10-07T21:46:16+00:00,8480980.0
2026-10-07-late-2146,2026-10-07T21:46:26+00:00,2026020053,2026-10-07,player_points,under:8481481,B. Lizotte Under 0.5,0.5,0.7416553056092642,0.6940359477123974,0.0,,1.36,0.04761935789686672,0.008651215628599385,1,,,0.298870691446876,2026-10-07T21:46:16+00:00,8481481.0
2026-10-07-late-2146,2026-10-07T21:46:26+00:00,2026020053,2026-10-07,player_points,under:8481527,K. Korczak Under 0.5,0.5,0.7738143348253514,0.805399207838331,0.0,,1.17,-0.03158487301297955,-0.09463722825433887,1,,,0.2564233116542421,2026-10-07T21:46:16+00:00,8481527.0
2026-10-07-late-2146,2026-10-07T21:46:26+00:00,2026020053,2026-10-07,player_points,under:8481582,N. Robertson Under 0.5,0.5,0.7203935418178343,0.695233265720143,0.0,,1.36,0.02516027609769128,-0.020264783127745267,1,,,0.32795763043757337,2026-10-07T21:46:16+00:00,8481582.0
2026-10-07-late-2146,2026-10-07T21:46:26+00:00,2026020053,2026-10-07,player_points,under:8481656,A. Protas Under 0.5,0.5,0.5621507511767121,0.5925513583430002,0.0,,1.61,-0.030400607166288063,-0.0949372906054935,3,,,0.5759852245305465,2026-10-07T21:46:16+00:00,8481656.0
2026-10-07-late-2146,2026-10-07T21:46:26+00:00,2026020053,2026-10-07,player_points,under:8482088,J. Sourdif Under 0.5,0.5,0.6315310427658989,0.6440279953754529,0.0,,1.48,-0.012496952609554024,-0.06533405670646963,3,,,0.4596081812091112,2026-10-07T21:46:16+00:00,8482088.0
2026-10-07-late-2146,2026-10-07T21:46:26+00:00,2026020053,2026-10-07,player_points,under:8482148,H. Lapierre Under 0.5,0.5,0.7367403187969301,0.6778586010018088,0.0,,1.45,0.05888171779512125,0.06827346225554864,2,,,0.30551979786881617,2026-10-07T21:46:16+00:00,8482148.0
2026-10-07-late-2146,2026-10-07T21:46:26+00:00,2026020053,2026-10-07,player_points,under:8482758,V. Koivunen Under 0.5,0.5,0.748138563663775,0.7146495270433822,0.0,,1.33,0.03348903662039271,-0.00497571032717925,1,,,0.2901670726236901,2026-10-07T21:46:16+00:00,8482758.0
2026-10-07-late-2146,2026-10-07T21:46:26+00:00,2026020053,2026-10-07,player_points,under:8483398,D. Carlile Under 0.5,0.5,0.7346839548372803,0.7747009304385671,0.0,,1.22,-0.040016975601286836,-0.10368557509851803,1,,,0.3083148656616462,2026-10-07T21:46:16+00:00,8483398.0
2026-10-07-late-2146,2026-10-07T21:46:26+00:00,2026020053,2026-10-07,player_points,under:8484186,R. Leonard Under 0.5,0.5,0.6006519313027612,0.6081134031412643,0.0,,1.57,-0.007461471838503098,-0.056976467854664925,3,,,0.5097396614652876,2026-10-07T21:46:16+00:00,8484186.0
2026-10-07-late-2146,2026-10-07T21:46:26+00:00,2026020053,2026-10-07,player_points,under:8484873,C. Hutson Under 0.5,0.5,0.6196659574958847,0.5871671933772653,0.0,,1.67,0.03249876411861946,0.03484214901812743,3,,,0.4785747243685895,2026-10-07T21:46:16+00:00,8484873.0
2026-10-07-late-2146,2026-10-07T21:46:26+00:00,2026020053,2026-10-07,player_points,under:8484999,I. Protas Under 0.5,0.5,0.5967078141508311,0.5813030779245778,0.0,,1.67,0.015404736226253324,-0.003497950368112124,3,,,0.5163277089292708,2026-10-07T21:46:16+00:00,8484999.0
2026-10-07-late-2146,2026-10-07T21:46:26+00:00,2026020053,2026-10-07,player_points,under:8485414,B. Kindel Under 0.5,0.5,0.6456236068305332,0.6296517190023334,0.0,,1.53,0.01597188782819975,-0.012195881549284138,3,,,0.43753859697227254,2026-10-07T21:46:16+00:00,8485414.0
2026-10-07-late-2146,2026-10-07T21:46:26+00:00,2026020053,2026-10-07,player_sog,over:8471214,A. Ovechkin Over 2.5,2.5,0.47201562154858956,0.5336763974363407,0.0,,1.86,-0.061660775887751096,-0.1220509439196234,4,,,2.6210275650296797,2026-10-07T21:46:16+00:00,8471214.0
2026-10-07-late-2146,2026-10-07T21:46:26+00:00,2026020053,2026-10-07,player_sog,over:8471215,E. Malkin Over 1.5,1.5,0.6548100303767945,0.5881855978356623,0.0,,1.65,0.06662443254113226,0.08043655012171091,5,,,2.3525841276517556,2026-10-07T21:46:16+00:00,8471215.0
2026-10-07-late-2146,2026-10-07T21:46:26+00:00,2026020053,2026-10-07,player_sog,over:8471675,S. Crosby Over 2.5,2.5,0.41336675201747153,0.42368220568357345,0.0,,2.35,-0.010315453666101926,-0.028588132758941898,5,,,2.368370516715464,2026-10-07T21:46:16+00:00,8471675.0
2026-10-07-late-2146,2026-10-07T21:46:26+00:00,2026020053,2026-10-07,player_sog,over:8471724,K. Letang Over 1.5,1.5,0.35888231482708355,0.4642716729388087,0.0,,2.0,-0.10538935811172517,-0.2822353703458329,3,,,1.2734223691158064,2026-10-07T21:46:16+00:00,8471724.0
2026-10-07-late-2146,2026-10-07T21:46:26+00:00,2026020053,2026-10-07,player_sog,over:8474578,E. Karlsson Over 2.5,2.5,0.3272405652424115,0.39834245969969756,0.0,,2.4,-0.07110189445728604,-0.2146226434182124,5,,,2.017590483655558,2026-10-07T21:46:16+00:00,8474578.0
2026-10-07-late-2146,2026-10-07T21:46:26+00:00,2026020053,2026-10-07,player_sog,over:8476432,B. Jenner Over 1.5,1.5,0.579118150638853,0.4744237828729526,0.0,,1.91,0.10469436776590035,0.10611566772020908,1,,,2.0208629417425557,2026-10-07T21:46:16+00:00,8476432.0
2026-10-07-late-2146,2026-10-07T21:46:26+00:00,2026020053,2026-10-07,player_sog,over:8476483,R. Rakell Over 2.5,2.5,0.4401997771051718,0.4400710229771918,0.0,,2.18,0.00012875412797996866,-0.0403644859107255,5,,,2.4821431928789446,2026-10-07T21:46:16+00:00,8476483.0
2026-10-07-late-2146,2026-10-07T21:46:26+00:00,2026020053,2026-10-07,player_sog,over:8476880,T. Wilson Over 2.5,2.5,0.3008408999775959,0.3789759365808518,0.0,,2.49,-0.07813503660325594,-0.25090615905578617,3,,,1.912650052589553,2026-10-07T21:46:16+00:00,8476880.0
2026-10-07-late-2146,2026-10-07T21:46:26+00:00,2026020053,2026-10-07,player_sog,over:8477949,A. Tuch Over 2.5,2.5,0.43282062721450365,0.4464488291765318,0.0,,2.22,-0.01362820196202813,-0.03913820758380182,3,,,2.450575629278491,2026-10-07T21:46:16+00:00,8477949.0
2026-10-07-late-2146,2026-10-07T21:46:26+00:00,2026020053,2026-10-07,player_sog,over:8478438,T. Novak Over 1.5,1.5,0.49196360164913666,0.5025760693246505,0.0,,1.87,-0.010612467675513826,-0.08002806491611442,3,,,1.6967828026399487,2026-10-07T21:46:16+00:00,8478438.0
2026-10-07-late-2146,2026-10-07T21:46:26+00:00,2026020053,2026-10-07,player_sog,over:8478440,D. Strome Over 1.5,1.5,0.43047421150499265,0.537657061020124,0.0,,1.78,-0.10718284951513135,-0.23375590352111308,4,,,1.493091230419583,2026-10-07T21:46:16+00:00,8478440.0
2026-10-07-late-2146,2026-10-07T21:46:26+00:00,2026020053,2026-10-07,player_sog,over:8478463,A. Beauvillier Over 1.5,1.5,0.46173241683915967,0.48194323006762474,0.0,,2.0,-0.020210813228465074,-0.07653516632168067,3,,,1.5945576419051974,2026-10-07T21:46:16+00:00,8478463.0
2026-10-07-late-2146,2026-10-07T21:46:26+00:00,2026020053,2026-10-07,player_sog,over:8479345,J. Chychrun Over 2.5,2.5,0.27028022339591873,0.47139747838451024,0.0,,2.1,-0.2011172549885915,-0.43241153086857065,4,,,1.7915340641353832,2026-10-07T21:46:16+00:00,8479345.0
2026-10-07-late-2146,2026-10-07T21:46:26+00:00,2026020053,2026-10-07,player_sog,over:8479385,J. Kyrou Over 1.5,1.5,0.5150680663616788,0.58929821362922,0.0,,1.65,-0.07423014726754118,-0.15013769050323006,3,,,1.7780533528647275,2026-10-07T21:46:16+00:00,8479385.0
2026-10-07-late-2146,2026-10-07T21:46:26+00:00,2026020053,2026-10-07,player_sog,over:8479400,P. Dubois Over 1.5,1.5,0.3801316106954463,0.5196673621342544,0.0,,1.88,-0.13953575143880803,-0.28535257189256097,4,,,1.3370585707809899,2026-10-07T21:46:16+00:00,8479400.0
2026-10-07-late-2146,2026-10-07T21:46:26+00:00,2026020053,2026-10-07,player_sog,over:8480980,C. Dewar Over 1.5,1.5,0.36331719677618646,0.46401259559153374,0.0,,1.95,-0.10069539881534728,-0.29153146628643645,1,,,1.2866101027066033,2026-10-07T21:46:16+00:00,8480980.0
2026-10-07-late-2146,2026-10-07T21:46:26+00:00,2026020053,2026-10-07,player_sog,over:8481582,N. Robertson Over 1.5,1.5,0.43908448747764406,0.4445012414195821,0.0,,2.05,-0.005416753941938024,-0.09987680067082977,1,,,1.5206507447252184,2026-10-07T21:46:16+00:00,8481582.0
2026-10-07-late-2146,2026-10-07T21:46:26+00:00,2026020053,2026-10-07,player_sog,over:8481656,A. Protas Over 1.5,1.5,0.5035038720160007,0.4556038289583377,0.0,,2.1,0.04790004305766299,0.05735813123360145,3,,,1.7370104658049534,2026-10-07T21:46:16+00:00,8481656.0
2026-10-07-late-2146,2026-10-07T21:46:26+00:00,2026020053,2026-10-07,player_sog,over:8482088,J. Sourdif Over 1.5,1.5,0.3222956394689357,0.4040902287862609,0.0,,2.36,-0.0817945893173252,-0.2393822908533118,3,,,1.166252152101476,2026-10-07T21:46:16+00:00,8482088.0
2026-10-07-late-2146,2026-10-07T21:46:26+00:00,2026020053,2026-10-07,player_sog,over:8484186,R. Leonard Over 1.5,1.5,0.587862989008798,0.5190227497780019,0.0,,1.87,0.06884023923079607,0.09930378944645224,3,,,2.0563753914319736,2026-10-07T21:46:16+00:00,8484186.0
2026-10-07-late-2146,2026-10-07T21:46:26+00:00,2026020053,2026-10-07,player_sog,over:8484873,C. Hutson Over 1.5,1.5,0.42064996058270765,0.509506103710695,0.0,,1.9,-0.0888561431279874,-0.2007650748928555,4,,,1.4619818797701514,2026-10-07T21:46:16+00:00,8484873.0
2026-10-07-late-2146,2026-10-07T21:46:26+00:00,2026020053,2026-10-07,player_sog,over:8484999,I. Protas Over 1.5,1.5,0.3907818849392728,0.39542483660133076,0.0,,2.25,-0.00464295166205797,-0.12074075888663621,1,,,1.3694080982552495,2026-10-07T21:46:16+00:00,8484999.0
2026-10-07-late-2146,2026-10-07T21:46:26+00:00,2026020053,2026-10-07,player_sog,over:8485414,B. Kindel Over 1.5,1.5,0.4782665930571328,0.5903587081834166,0.0,,1.62,-0.11209211512628381,-0.22520811924744477,5,,,1.6499256034795522,2026-10-07T21:46:16+00:00,8485414.0
2026-10-07-late-2146,2026-10-07T21:46:26+00:00,2026020053,2026-10-07,player_sog,under:8471214,A. Ovechkin Under 2.5,2.5,0.5279843784514104,0.46632360256365935,0.0,,2.1,0.061660775887751096,0.10876719474796193,4,,,2.6210275650296797,2026-10-07T21:46:16+00:00,8471214.0
2026-10-07-late-2146,2026-10-07T21:46:26+00:00,2026020053,2026-10-07,player_sog,under:8471215,E. Malkin Under 1.5,1.5,0.3451899696232055,0.41181440216433773,0.0,,2.3,-0.06662443254113226,-0.20606306986662748,5,,,2.3525841276517556,2026-10-07T21:46:16+00:00,8471215.0
2026-10-07-late-2146,2026-10-07T21:46:26+00:00,2026020053,2026-10-07,player_sog,under:8471675,S. Crosby Under 2.5,2.5,0.5866332479825285,0.5763177943164266,0.0,,1.74,0.010315453666101926,0.02074185148959956,5,,,2.368370516715464,2026-10-07T21:46:16+00:00,8471675.0
2026-10-07-late-2146,2026-10-07T21:46:26+00:00,2026020053,2026-10-07,player_sog,under:8471724,K. Letang Under 1.5,1.5,0.6411176851729165,0.5357283270611912,0.0,,1.8,0.10538935811172517,0.15401183331124968,3,,,1.2734223691158064,2026-10-07T21:46:16+00:00,8471724.0
2026-10-07-late-2146,2026-10-07T21:46:26+00:00,2026020053,2026-10-07,player_sog,under:8474578,E. Karlsson Under 2.5,2.5,0.6727594347575885,0.6016575403003024,0.0,,1.65,0.07110189445728604,0.11005306735002096,5,,,2.017590483655558,2026-10-07T21:46:16+00:00,8474578.0
2026-10-07-late-2146,2026-10-07T21:46:26+00:00,2026020053,2026-10-07,player_sog,under:8476432,B. Jenner Under 1.5,1.5,0.42088184936114703,0.5255762171270474,0.0,,1.74,-0.10469436776590035,-0.2676655821116042,1,,,2.0208629417425557,2026-10-07T21:46:16+00:00,8476432.0
2026-10-07-late-2146,2026-10-07T21:46:26+00:00,2026020053,2026-10-07,player_sog,under:8476483,R. Rakell Under 2.5,2.5,0.5598002228948282,0.5599289770228082,0.0,,1.74,-0.00012875412797996866,-0.0259476121629989,5,,,2.4821431928789446,2026-10-07T21:46:16+00:00,8476483.0
2026-10-07-late-2146,2026-10-07T21:46:26+00:00,2026020053,2026-10-07,player_sog,under:8476880,T. Wilson Under 2.5,2.5,0.6991591000224041,0.6210240634191482,0.0,,1.57,0.07813503660325594,0.09767978703517449,3,,,1.912650052589553,2026-10-07T21:46:16+00:00,8476880.0
2026-10-07-late-2146,2026-10-07T21:46:26+00:00,2026020053,2026-10-07,player_sog,under:8477949,A. Tuch Under 2.5,2.5,0.5671793727854963,0.5535511708234682,0.0,,1.8,0.01362820196202813,0.02092287101389345,3,,,2.450575629278491,2026-10-07T21:46:16+00:00,8477949.0
2026-10-07-late-2146,2026-10-07T21:46:26+00:00,2026020053,2026-10-07,player_sog,under:8478438,T. Novak Under 1.5,1.5,0.5080363983508633,0.4974239306753495,0.0,,1.97,0.010612467675513826,0.0008317047512007569,3,,,1.6967828026399487,2026-10-07T21:46:16+00:00,8478438.0
2026-10-07-late-2146,2026-10-07T21:46:26+00:00,2026020053,2026-10-07,player_sog,under:8478440,D. Strome Under 1.5,1.5,0.5695257884950073,0.462342938979876,0.0,,2.05,0.10718284951513135,0.16752786641476491,4,,,1.493091230419583,2026-10-07T21:46:16+00:00,8478440.0
2026-10-07-late-2146,2026-10-07T21:46:26+00:00,2026020053,2026-10-07,player_sog,under:8478463,A. Beauvillier Under 1.5,1.5,0.5382675831608403,0.5180567699323753,0.0,,1.87,0.020210813228465074,0.0065603805107714575,3,,,1.5945576419051974,2026-10-07T21:46:16+00:00,8478463.0
2026-10-07-late-2146,2026-10-07T21:46:26+00:00,2026020053,2026-10-07,player_sog,under:8479345,J. Chychrun Under 2.5,2.5,0.7297197766040813,0.5286025216154897,0.0,,1.83,0.2011172549885915,0.3353871911854688,4,,,1.7915340641353832,2026-10-07T21:46:16+00:00,8479345.0
2026-10-07-late-2146,2026-10-07T21:46:26+00:00,2026020053,2026-10-07,player_sog,under:8479385,J. Kyrou Under 1.5,1.5,0.4849319336383212,0.41070178637078003,0.0,,2.32,0.07423014726754118,0.12504208604090516,3,,,1.7780533528647275,2026-10-07T21:46:16+00:00,8479385.0
2026-10-07-late-2146,2026-10-07T21:46:26+00:00,2026020053,2026-10-07,player_sog,under:8479400,P. Dubois Under 1.5,1.5,0.6198683893045537,0.48033263786574565,0.0,,2.0,0.13953575143880803,0.23973677860910736,4,,,1.3370585707809899,2026-10-07T21:46:16+00:00,8479400.0
2026-10-07-late-2146,2026-10-07T21:46:26+00:00,2026020053,2026-10-07,player_sog,under:8480980,C. Dewar Under 1.5,1.5,0.6366828032238135,0.5359874044084663,0.0,,1.71,0.10069539881534728,0.08872759351272114,1,,,1.2866101027066033,2026-10-07T21:46:16+00:00,8480980.0
2026-10-07-late-2146,2026-10-07T21:46:26+00:00,2026020053,2026-10-07,player_sog,under:8481582,N. Robertson Under 1.5,1.5,0.5609155125223559,0.5554987585804179,0.0,,1.67,0.005416753941938024,-0.06327109408766562,1,,,1.5206507447252184,2026-10-07T21:46:16+00:00,8481582.0
2026-10-07-late-2146,2026-10-07T21:46:26+00:00,2026020053,2026-10-07,player_sog,under:8481656,A. Protas Under 1.5,1.5,0.49649612798399934,0.5443961710416623,0.0,,1.77,-0.04790004305766299,-0.12120185346832119,3,,,1.7370104658049534,2026-10-07T21:46:16+00:00,8481656.0
2026-10-07-late-2146,2026-10-07T21:46:26+00:00,2026020053,2026-10-07,player_sog,under:8482088,J. Sourdif Under 1.5,1.5,0.6777043605310643,0.5959097712137391,0.0,,1.61,0.0817945893173252,0.09110402045501359,3,,,1.166252152101476,2026-10-07T21:46:16+00:00,8482088.0
2026-10-07-late-2146,2026-10-07T21:46:26+00:00,2026020053,2026-10-07,player_sog,under:8484186,R. Leonard Under 1.5,1.5,0.41213701099120204,0.4809772502219981,0.0,,2.1,-0.06884023923079607,-0.13451227691847567,3,,,2.0563753914319736,2026-10-07T21:46:16+00:00,8484186.0
2026-10-07-late-2146,2026-10-07T21:46:26+00:00,2026020053,2026-10-07,player_sog,under:8484873,C. Hutson Under 1.5,1.5,0.5793500394172924,0.49049389628930495,0.0,,1.95,0.0888561431279874,0.12973257686372008,4,,,1.4619818797701514,2026-10-07T21:46:16+00:00,8484873.0
2026-10-07-late-2146,2026-10-07T21:46:26+00:00,2026020053,2026-10-07,player_sog,under:8484999,I. Protas Under 1.5,1.5,0.6092181150607272,0.6045751633986692,0.0,,1.53,0.00464295166205797,-0.06789628395708736,1,,,1.3694080982552495,2026-10-07T21:46:16+00:00,8484999.0
2026-10-07-late-2146,2026-10-07T21:46:26+00:00,2026020053,2026-10-07,player_sog,under:8485414,B. Kindel Under 1.5,1.5,0.5217334069428672,0.4096412918165834,0.0,,2.32,0.11209211512628381,0.21042150410745175,5,,,1.6499256034795522,2026-10-07T21:46:16+00:00,8485414.0
2026-10-07-late-2146,2026-10-07T21:46:26+00:00,2026020053,2026-10-07,spreads,away,PIT +1.5,1.5,0.7315572232016468,0.6190356931814585,0.0,,1.59,0.11252153002018839,0.16317598489061852,9,2.933362744436111,3.1529762237403998,6.199692318334752,2026-10-07T21:46:16+00:00,
2026-10-07-late-2146,2026-10-07T21:46:26+00:00,2026020053,2026-10-07,spreads,home,WSH -1.5,-1.5,0.26844277679835316,0.3809643068185416,0.0,,2.55,-0.11252153002018844,-0.3154709191641995,9,2.933362744436111,3.1529762237403998,6.199692318334752,2026-10-07T21:46:16+00:00,
2026-10-07-late-2146,2026-10-07T21:46:26+00:00,2026020053,2026-10-07,totals,over,Over 6.5,6.5,0.4553069439115791,0.5046992367755448,0.0,,1.91,-0.04939229286396574,-0.13036373712888394,9,2.933362744436111,3.1529762237403998,6.199692318334752,2026-10-07T21:46:16+00:00,
2026-10-07-late-2146,2026-10-07T21:46:26+00:00,2026020053,2026-10-07,totals,under,Under 6.5,6.5,0.5446930560884209,0.49530076322445515,0.0,,1.96,0.04939229286396574,0.06759838993330491,9,2.933362744436111,3.1529762237403998,6.199692318334752,2026-10-07T21:46:16+00:00,
2026-10-07-late-2146,2026-10-07T21:46:26+00:00,2026020054,2026-10-07,player_points,over:8475172,N. Kadri Over 0.5,0.5,0.4087692913661094,0.5228613979232644,0.0,,1.81,-0.11409210655715496,-0.260127582627342,3,,,0.5255489678116585,2026-10-07T21:46:16+00:00,8475172.0
2026-10-07-late-2146,2026-10-07T21:46:26+00:00,2026020054,2026-10-07,player_points,over:8475754,B. Nelson Over 0.5,0.5,0.5294914283655532,0.48564368824721743,0.0,,1.95,0.043847740118335754,0.03250828531282868,3,,,0.7539411019835502,2026-10-07T21:46:16+00:00,8475754.0
2026-10-07-late-2146,2026-10-07T21:46:26+00:00,2026020054,2026-10-07,player_points,over:8476312,J. Manson Over 0.5,0.5,0.3264405894226514,0.2628772407534258,0.0,,3.39,0.06356334866922564,0.10663359814278839,1,,,0.3951790753260037,2026-10-07T21:46:16+00:00,8476312.0
2026-10-07-late-2146,2026-10-07T21:46:26+00:00,2026020054,2026-10-07,player_points,over:8476455,G. Landeskog Over 0.5,0.5,0.43952619887152367,0.46195740217066783,0.0,,2.1,-0.022431203299144165,-0.07699498236980024,3,,,0.5789727795276144,2026-10-07T21:46:16+00:00,8476455.0
2026-10-07-late-2146,2026-10-07T21:46:26+00:00,2026020054,2026-10-07,player_points,over:8476460,M. Scheifele Over 0.5,0.5,0.6305101706286445,0.6231983686006384,0.0,,1.53,0.007311802028006076,-0.035319438938173964,3,,,0.995632064354699,2026-10-07T21:46:16+00:00,8476460.0
2026-10-07-late-2146,2026-10-07T21:46:26+00:00,2026020054,2026-10-07,player_points,over:8477476,A. Lehkonen Over 0.5,0.5,0.5024842416566446,0.5019842051554421,0.0,,1.95,0.0005000365012025609,-0.020155728769543024,3,,,0.6981280478231131,2026-10-07T21:46:16+00:00,8477476.0
2026-10-07-late-2146,2026-10-07T21:46:26+00:00,2026020054,2026-10-07,player_points,over:8477492,N. MacKinnon Over 1.5,1.5,0.33344896290176207,0.4543276908162542,0.0,,2.05,-0.12087872791449211,-0.3164296260513878,3,,,1.1891535127580624,2026-10-07T21:46:16+00:00,8477492.0
2026-10-07-late-2146,2026-10-07T21:46:26+00:00,2026020054,2026-10-07,player_points,over:8477504,J. Morrissey Over 0.5,0.5,0.48823855566184715,0.49716994481392457,0.0,,1.91,-0.008931389152077418,-0.06746435868587197,3,,,0.6698966915483312,2026-10-07T21:46:16+00:00,8477504.0
2026-10-07-late-2146,2026-10-07T21:46:26+00:00,2026020054,2026-10-07,player_points,over:8478038,D. Toews Over 0.5,0.5,0.4309164655418918,0.42351775565363114,0.0,,2.2,0.007398709888260635,-0.05198377580783797,3,,,0.5637280463902647,2026-10-07T21:46:16+00:00,8478038.0
2026-10-07-late-2146,2026-10-07T21:46:26+00:00,2026020054,2026-10-07,player_points,over:8478398,K. Connor Over 0.5,0.5,0.6478546132349206,0.6335613652533173,0.0,,1.51,0.014293247981603252,-0.021739534015269957,3,,,1.0437111580750797,2026-10-07T21:46:16+00:00,8478398.0
2026-10-07-late-2146,2026-10-07T21:46:26+00:00,2026020054,2026-10-07,player_points,over:8480014,G. Vilardi Over 0.5,0.5,0.4976737156814275,0.49522182329010384,0.0,,1.91,0.0024518923913236512,-0.04944320304847355,3,,,0.6885054016665229,2026-10-07T21:46:16+00:00,8480014.0
2026-10-07-late-2146,2026-10-07T21:46:26+00:00,2026020054,2026-10-07,player_points,over:8480039,M. Necas Over 1.5,1.5,0.3358970546505673,0.3605108710150423,0.0,,2.55,-0.024613816364475016,-0.14346251064105342,2,,,1.1959185245533641,2026-10-07T21:46:16+00:00,8480039.0
2026-10-07-late-2146,2026-10-07T21:46:26+00:00,2026020054,2026-10-07,player_points,over:8480069,C. Makar Over 0.5,0.5,0.5796975724717852,0.6568809167504779,0.0,,1.47,-0.07718334427869267,-0.14784456846647576,3,,,0.8667807612841651,2026-10-07T21:46:16+00:00,8480069.0
2026-10-07-late-2146,2026-10-07T21:46:26+00:00,2026020054,2026-10-07,player_points,over:8482149,C. Perfetti Over 0.5,0.5,0.45240445648717986,0.5051743855986849,0.0,,1.88,-0.05276992911150502,-0.1494796218041019,3,,,0.6022183238171378,2026-10-07T21:46:16+00:00,8482149.0
2026-10-07-late-2146,2026-10-07T21:46:26+00:00,2026020054,2026-10-07,player_points,under:8475172,N. Kadri Under 0.5,0.5,0.5912307086338906,0.47713860207673564,0.0,,1.96,0.11409210655715496,0.15881218892242555,3,,,0.5255489678116585,2026-10-07T21:46:16+00:00,8475172.0
2026-10-07-late-2146,2026-10-07T21:46:26+00:00,2026020054,2026-10-07,player_points,under:8475754,B. Nelson Under 0.5,0.5,0.4705085716344468,0.5143563117527825,0.0,,1.87,-0.043847740118335754,-0.12014897104358441,3,,,0.7539411019835502,2026-10-07T21:46:16+00:00,8475754.0
2026-10-07-late-2146,2026-10-07T21:46:26+00:00,2026020054,2026-10-07,player_points,under:8476312,J. Manson Under 0.5,0.5,0.6735594105773486,0.7371227592465742,0.0,,1.3,-0.06356334866922564,-0.12437276624944682,1,,,0.3951790753260037,2026-10-07T21:46:16+00:00,8476312.0
2026-10-07-late-2146,2026-10-07T21:46:26+00:00,2026020054,2026-10-07,player_points,under:8476455,G. Landeskog Under 0.5,0.5,0.5604738011284763,0.5380425978293322,0.0,,1.83,0.022431203299144165,0.025667056065111715,3,,,0.5789727795276144,2026-10-07T21:46:16+00:00,8476455.0
2026-10-07-late-2146,2026-10-07T21:46:26+00:00,2026020054,2026-10-07,player_points,under:8476460,M. Scheifele Under 0.5,0.5,0.36948982937135555,0.3768016313993616,0.0,,2.45,-0.007311802028006076,-0.09474991804017885,3,,,0.995632064354699,2026-10-07T21:46:16+00:00,8476460.0
2026-10-07-late-2146,2026-10-07T21:46:26+00:00,2026020054,2026-10-07,player_points,under:8477476,A. Lehkonen Under 0.5,0.5,0.4975157583433554,0.49801579484455794,0.0,,1.92,-0.0005000365012025609,-0.044769743980757726,3,,,0.6981280478231131,2026-10-07T21:46:16+00:00,8477476.0
2026-10-07-late-2146,2026-10-07T21:46:26+00:00,2026020054,2026-10-07,player_points,under:8477492,N. MacKinnon Under 1.5,1.5,0.6665510370982379,0.5456723091837459,0.0,,1.76,0.12087872791449211,0.17312982529289878,3,,,1.1891535127580624,2026-10-07T21:46:16+00:00,8477492.0
2026-10-07-late-2146,2026-10-07T21:46:26+00:00,2026020054,2026-10-07,player_points,under:8477504,J. Morrissey Under 0.5,0.5,0.5117614443381528,0.5028300551860754,0.0,,1.91,0.008931389152077418,-0.022535641314128108,3,,,0.6698966915483312,2026-10-07T21:46:16+00:00,8477504.0
2026-10-07-late-2146,2026-10-07T21:46:26+00:00,2026020054,2026-10-07,player_points,under:8478038,D. Toews Under 0.5,0.5,0.5690835344581082,0.5764822443463689,0.0,,1.65,-0.007398709888260635,-0.06101216814412147,3,,,0.5637280463902647,2026-10-07T21:46:16+00:00,8478038.0
2026-10-07-late-2146,2026-10-07T21:46:26+00:00,2026020054,2026-10-07,player_points,under:8478398,K. Connor Under 0.5,0.5,0.35214538676507945,0.3664386347466827,0.0,,2.5,-0.014293247981603252,-0.11963653308730138,3,,,1.0437111580750797,2026-10-07T21:46:16+00:00,8478398.0
2026-10-07-late-2146,2026-10-07T21:46:26+00:00,2026020054,2026-10-07,player_points,under:8480014,G. Vilardi Under 0.5,0.5,0.5023262843185725,0.5047781767098962,0.0,,1.87,-0.0024518923913236512,-0.06064984832426934,3,,,0.6885054016665229,2026-10-07T21:46:16+00:00,8480014.0
2026-10-07-late-2146,2026-10-07T21:46:26+00:00,2026020054,2026-10-07,player_points,under:8480039,M. Necas Under 1.5,1.5,0.6641029453494327,0.6394891289849577,0.0,,1.5,0.024613816364475016,-0.0038455819758509424,2,,,1.1959185245533641,2026-10-07T21:46:16+00:00,8480039.0
2026-10-07-late-2146,2026-10-07T21:46:26+00:00,2026020054,2026-10-07,player_points,under:8480069,C. Makar Under 0.5,0.5,0.4203024275282148,0.3431190832495221,0.0,,2.75,0.07718334427869267,0.1558316757025906,3,,,0.8667807612841651,2026-10-07T21:46:16+00:00,8480069.0
2026-10-07-late-2146,2026-10-07T21:46:26+00:00,2026020054,2026-10-07,player_points,under:8482149,C. Perfetti Under 0.5,0.5,0.5475955435128201,0.4948256144013151,0.0,,1.95,0.05276992911150502,0.06781130984999928,3,,,0.6022183238171378,2026-10-07T21:46:16+00:00,8482149.0
2026-10-07-late-2146,2026-10-07T21:46:26+00:00,2026020054,2026-10-07,player_sog,over:8470613,B. Burns Over 1.5,1.5,0.46836656710080504,0.4986770995066181,0.0,,1.91,-0.03031053240581305,-0.10541985683746241,2,,,1.6166227615280468,2026-10-07T21:46:16+00:00,8470613.0
2026-10-07-late-2146,2026-10-07T21:46:26+00:00,2026020054,2026-10-07,player_sog,over:8475172,N. Kadri Over 2.5,2.5,0.3712605946887364,0.4383677135145924,0.0,,2.15,-0.06710711882585602,-0.20178972141921675,5,,,2.194693663542754,2026-10-07T21:46:16+00:00,8475172.0
2026-10-07-late-2146,2026-10-07T21:46:26+00:00,2026020054,2026-10-07,player_sog,over:8475754,B. Nelson Over 1.5,1.5,0.5649064030011286,0.5804839215835152,0.0,,1.7,-0.015577518582386651,-0.03965911489808138,4,,,1.964467988713769,2026-10-07T21:46:16+00:00,8475754.0
2026-10-07-late-2146,2026-10-07T21:46:26+00:00,2026020054,2026-10-07,player_sog,over:8476455,G. Landeskog Over 1.5,1.5,0.5637847293134052,0.5671134254840396,0.0,,1.74,-0.003328696170634471,-0.019014570994675017,4,,,1.9600835017654217,2026-10-07T21:46:16+00:00,8476455.0
2026-10-07-late-2146,2026-10-07T21:46:26+00:00,2026020054,2026-10-07,player_sog,over:8476460,M. Scheifele Over 1.5,1.5,0.6052516960736463,0.6031648355582133,0.0,,1.61,0.0020868605154329423,-0.02554476932142946,5,,,2.1289679206660077,2026-10-07T21:46:16+00:00,8476460.0
2026-10-07-late-2146,2026-10-07T21:46:26+00:00,2026020054,2026-10-07,player_sog,over:8477476,A. Lehkonen Over 1.5,1.5,0.5377243749311352,0.558236228068467,0.0,,1.77,-0.020511853137331726,-0.04822785637189064,4,,,1.8607629060059416,2026-10-07T21:46:16+00:00,8477476.0
2026-10-07-late-2146,2026-10-07T21:46:26+00:00,2026020054,2026-10-07,player_sog,over:8477492,N. MacKinnon Over 3.5,3.5,0.515313105681864,0.527928847774085,0.0,,1.87,-0.01261574209222105,-0.03636449237491435,5,,,3.858942921861063,2026-10-07T21:46:16+00:00,8477492.0
2026-10-07-late-2146,2026-10-07T21:46:26+00:00,2026020054,2026-10-07,player_sog,over:8477504,J. Morrissey Over 1.5,1.5,0.6522714974124466,0.5973665969832167,0.0,,1.62,0.05490490042922991,0.05667982580816355,5,,,2.3404475624928387,2026-10-07T21:46:16+00:00,8477504.0
2026-10-07-late-2146,2026-10-07T21:46:26+00:00,2026020054,2026-10-07,player_sog,over:8478038,D. Toews Over 1.5,1.5,0.4581904504244003,0.47593068110712444,0.0,,1.98,-0.017740230682724123,-0.09278290815968737,3,,,1.5828568938645353,2026-10-07T21:46:16+00:00,8478038.0
2026-10-07-late-2146,2026-10-07T21:46:26+00:00,2026020054,2026-10-07,player_sog,over:8478398,K. Connor Over 3.5,3.5,0.5231580288892053,0.4437014141427624,0.0,,2.2,0.07945661474644289,0.15094766355625167,5,,,3.903843317146749,2026-10-07T21:46:16+00:00,8478398.0
2026-10-07-late-2146,2026-10-07T21:46:26+00:00,2026020054,2026-10-07,player_sog,over:8480014,G. Vilardi Over 1.5,1.5,0.4839274393775663,0.5264158160655948,0.0,,1.87,-0.04248837668802852,-0.0950556883639509,4,,,1.6691782410449592,2026-10-07T21:46:16+00:00,8480014.0
2026-10-07-late-2146,2026-10-07T21:46:26+00:00,2026020054,2026-10-07,player_sog,over:8480039,M. Necas Over 2.5,2.5,0.5811197671451775,0.5181681895598518,0.0,,1.85,0.06295157758532577,0.0750715692185785,5,,,3.1442263310651017,2026-10-07T21:46:16+00:00,8480039.0
2026-10-07-late-2146,2026-10-07T21:46:26+00:00,2026020054,2026-10-07,player_sog,over:8480069,C. Makar Over 2.5,2.5,0.38878868106839604,0.4672273515102073,0.0,,2.06,-0.07843867044181124,-0.19909531699910415,5,,,2.2663698347464973,2026-10-07T21:46:16+00:00,8480069.0
2026-10-07-late-2146,2026-10-07T21:46:26+00:00,2026020054,2026-10-07,player_sog,over:8482149,C. Perfetti Over 2.5,2.5,0.3240503939456886,0.41139729950580756,0.0,,2.28,-0.08734690556011898,-0.2611651018038301,3,,,2.004874488081089,2026-10-07T21:46:16+00:00,8482149.0
2026-10-07-late-2146,2026-10-07T21:46:26+00:00,2026020054,2026-10-07,player_sog,over:8484258,S. Malinski Over 1.5,1.5,0.5655686222693909,0.5177621037852038,0.0,,1.83,0.047806518484187044,0.034990578752985335,2,,,1.9670609828517065,2026-10-07T21:46:16+00:00,8484258.0
2026-10-07-late-2146,2026-10-07T21:46:26+00:00,2026020054,2026-10-07,player_sog,under:8470613,B. Burns Under 1.5,1.5,0.531633432899195,0.5013229004933819,0.0,,1.87,0.03031053240581305,-0.0058454804785053605,2,,,1.6166227615280468,2026-10-07T21:46:16+00:00,8470613.0
2026-10-07-late-2146,2026-10-07T21:46:26+00:00,2026020054,2026-10-07,player_sog,under:8475172,N. Kadri Under 2.5,2.5,0.6287394053112636,0.5616322864854075,0.0,,1.72,0.06710711882585602,0.08143177713537336,5,,,2.194693663542754,2026-10-07T21:46:16+00:00,8475172.0
2026-10-07-late-2146,2026-10-07T21:46:26+00:00,2026020054,2026-10-07,player_sog,under:8475754,B. Nelson Under 1.5,1.5,0.4350935969988714,0.41951607841648475,0.0,,2.35,0.015577518582386651,0.022469952947347882,4,,,1.964467988713769,2026-10-07T21:46:16+00:00,8475754.0
2026-10-07-late-2146,2026-10-07T21:46:26+00:00,2026020054,2026-10-07,player_sog,under:8476455,G. Landeskog Under 1.5,1.5,0.4362152706865948,0.43288657451596035,0.0,,2.3,0.003328696170634471,0.003295122579167975,4,,,1.9600835017654217,2026-10-07T21:46:16+00:00,8476455.0
2026-10-07-late-2146,2026-10-07T21:46:26+00:00,2026020054,2026-10-07,player_sog,under:8476460,M. Scheifele Under 1.5,1.5,0.39474830392635374,0.3968351644417867,0.0,,2.35,-0.0020868605154329423,-0.07234148577306865,5,,,2.1289679206660077,2026-10-07T21:46:16+00:00,8476460.0
2026-10-07-late-2146,2026-10-07T21:46:26+00:00,2026020054,2026-10-07,player_sog,under:8477476,A. Lehkonen Under 1.5,1.5,0.46227562506886477,0.44176377193153304,0.0,,2.25,0.020511853137331726,0.040120156404945706,4,,,1.8607629060059416,2026-10-07T21:46:16+00:00,8477476.0
2026-10-07-late-2146,2026-10-07T21:46:26+00:00,2026020054,2026-10-07,player_sog,under:8477492,N. MacKinnon Under 3.5,3.5,0.48468689431813605,0.472071152225915,0.0,,2.05,0.01261574209222105,-0.006391866647821209,5,,,3.858942921861063,2026-10-07T21:46:16+00:00,8477492.0
2026-10-07-late-2146,2026-10-07T21:46:26+00:00,2026020054,2026-10-07,player_sog,under:8477504,J. Morrissey Under 1.5,1.5,0.3477285025875534,0.4026334030167833,0.0,,2.3,-0.05490490042922991,-0.20022444404862727,5,,,2.3404475624928387,2026-10-07T21:46:16+00:00,8477504.0
2026-10-07-late-2146,2026-10-07T21:46:26+00:00,2026020054,2026-10-07,player_sog,under:8478038,D. Toews Under 1.5,1.5,0.5418095495755997,0.5240693188928756,0.0,,1.79,0.017740230682724123,-0.030160906259676545,3,,,1.5828568938645353,2026-10-07T21:46:16+00:00,8478038.0
2026-10-07-late-2146,2026-10-07T21:46:26+00:00,2026020054,2026-10-07,player_sog,under:8478398,K. Connor Under 3.5,3.5,0.47684197111079474,0.5562985858572376,0.0,,1.71,-0.07945661474644289,-0.184600229400541,5,,,3.903843317146749,2026-10-07T21:46:16+00:00,8478398.0
2026-10-07-late-2146,2026-10-07T21:46:26+00:00,2026020054,2026-10-07,player_sog,under:8480014,G. Vilardi Under 1.5,1.5,0.5160725606224337,0.47358418393440516,0.0,,2.01,0.04248837668802852,0.03730584685109162,4,,,1.6691782410449592,2026-10-07T21:46:16+00:00,8480014.0
2026-10-07-late-2146,2026-10-07T21:46:26+00:00,2026020054,2026-10-07,player_sog,under:8480039,M. Necas Under 2.5,2.5,0.41888023285482245,0.4818318104401482,0.0,,2.04,-0.06295157758532577,-0.1454843249761622,5,,,3.1442263310651017,2026-10-07T21:46:16+00:00,8480039.0
2026-10-07-late-2146,2026-10-07T21:46:26+00:00,2026020054,2026-10-07,player_sog,under:8480069,C. Makar Under 2.5,2.5,0.611211318931604,0.5327726484897928,0.0,,1.8,0.07843867044181124,0.10018037407688718,5,,,2.2663698347464973,2026-10-07T21:46:16+00:00,8480069.0
2026-10-07-late-2146,2026-10-07T21:46:26+00:00,2026020054,2026-10-07,player_sog,under:8482149,C. Perfetti Under 2.5,2.5,0.6759496060543114,0.5886027004941925,0.0,,1.61,0.08734690556011898,0.08827886574744148,3,,,2.004874488081089,2026-10-07T21:46:16+00:00,8482149.0
2026-10-07-late-2146,2026-10-07T21:46:26+00:00,2026020054,2026-10-07,player_sog,under:8484258,S. Malinski Under 1.5,1.5,0.43443137773060914,0.4822378962147962,0.0,,1.95,-0.047806518484187044,-0.1528588134253122,2,,,1.9670609828517065,2026-10-07T21:46:16+00:00,8484258.0
2026-10-07-late-2146,2026-10-07T21:46:26+00:00,2026020054,2026-10-07,spreads,away,COL -1.5,-1.5,0.36806910846397567,0.42409257856201654,0.0,,2.3,-0.05602347009804087,-0.153441050532856,9,2.6975031256104214,3.436215460821737,6.240068606750375,2026-10-07T21:46:16+00:00,
2026-10-07-late-2146,2026-10-07T21:46:26+00:00,2026020054,2026-10-07,spreads,home,WPG +1.5,1.5,0.6319308915360243,0.5759074214379835,0.0,,1.69,0.05602347009804087,0.06796320669588107,9,2.6975031256104214,3.436215460821737,6.240068606750375,2026-10-07T21:46:16+00:00,
2026-10-07-late-2146,2026-10-07T21:46:26+00:00,2026020054,2026-10-07,totals,over,Over 6.5,6.5,0.46149164841999135,0.49865949171028984,0.0,,1.94,-0.037167843290298486,-0.1047062020652168,9,2.6975031256104214,3.436215460821737,6.240068606750375,2026-10-07T21:46:16+00:00,
2026-10-07-late-2146,2026-10-07T21:46:26+00:00,2026020054,2026-10-07,totals,under,Under 6.5,6.5,0.5385083515800086,0.5013405082897102,0.0,,1.94,0.03716784329029843,0.044706202065216805,9,2.6975031256104214,3.436215460821737,6.240068606750375,2026-10-07T21:46:16+00:00,
2026-10-07-late-2146,2026-10-07T21:46:26+00:00,2026020055,2026-10-07,player_points,over:8473986,A. Killorn Over 0.5,0.5,0.42524829401463793,0.3927873952688587,0.0,,2.36,0.03246089874577923,0.0035859738745455116,3,,,0.5538171471216556,2026-10-07T21:46:16+00:00,8473986.0
2026-10-07-late-2146,2026-10-07T21:46:26+00:00,2026020055,2026-10-07,player_points,over:8475218,M. Ekholm Over 0.5,0.5,0.29216386858368226,0.3300049305035488,0.0,,2.85,-0.037841061919866525,-0.16733297453650553,3,,,0.34554266487956176,2026-10-07T21:46:16+00:00,8475218.0
2026-10-07-late-2146,2026-10-07T21:46:26+00:00,2026020055,2026-10-07,player_points,over:8475798,M. Granlund Over 0.5,0.5,0.5648302195726929,0.5252015390853909,0.0,,1.83,0.03962868048730195,0.03363930181802799,3,,,0.8320190242077298,2026-10-07T21:46:16+00:00,8475798.0
2026-10-07-late-2146,2026-10-07T21:46:26+00:00,2026020055,2026-10-07,player_points,over:8477934,L. Draisaitl Over 1.5,1.5,0.29236367214982406,0.44244051837154946,0.0,,2.13,-0.1500768462217254,-0.37726537832087476,3,,,1.076516902385259,2026-10-07T21:46:16+00:00,8477934.0
2026-10-07-late-2146,2026-10-07T21:46:26+00:00,2026020055,2026-10-07,player_points,over:8477953,K. Kapanen Over 0.5,0.5,0.3117152006821363,0.4703233445288753,0.0,,2.02,-0.158608143846739,-0.37033529462208464,3,,,0.3735525742065961,2026-10-07T21:46:16+00:00,8477953.0
2026-10-07-late-2146,2026-10-07T21:46:26+00:00,2026020055,2026-10-07,player_points,over:8478402,C. McDavid Over 1.5,1.5,0.439905843920567,0.4966516474668649,0.0,,1.95,-0.056745803546297935,-0.1421836043548944,3,,,1.4932290518489186,2026-10-07T21:46:16+00:00,8478402.0
2026-10-07-late-2146,2026-10-07T21:46:26+00:00,2026020055,2026-10-07,player_points,over:8478421,A. Greer Over 0.5,0.5,0.38760151384450037,0.3693670971502749,0.0,,2.5,0.018234416694225486,-0.030996215388749082,2,,,0.490372087188111,2026-10-07T21:46:16+00:00,8478421.0
2026-10-07-late-2146,2026-10-07T21:46:26+00:00,2026020055,2026-10-07,player_points,over:8480068,R. Poehling Over 0.5,0.5,0.34913713596578233,0.34945746645252157,0.0,,2.61,-0.0003203304867392398,-0.08875207512930816,2,,,0.42945631328962514,2026-10-07T21:46:16+00:00,8480068.0
2026-10-07-late-2146,2026-10-07T21:46:26+00:00,2026020055,2026-10-07,player_points,over:8480803,E. Bouchard Over 1.5,1.5,0.28697578248238664,0.3389865834655087,0.0,,2.7,-0.05201080098312205,-0.22516538729755603,2,,,1.061837439781311,2026-10-07T21:46:16+00:00,8480803.0
2026-10-07-late-2146,2026-10-07T21:46:26+00:00,2026020055,2026-10-07,player_points,over:8481605,J. LaCombe Over 0.5,0.5,0.5252923895488767,0.5518129821041661,0.0,,1.77,-0.02652059255528938,-0.07023247049848824,3,,,0.7450562214254584,2026-10-07T21:46:16+00:00,8481605.0
2026-10-07-late-2146,2026-10-07T21:46:26+00:00,2026020055,2026-10-07,player_points,over:8481617,V. Podkolzin Over 0.5,0.5,0.45210011073750844,0.5951714326946035,0.0,,1.62,-0.14307132195709504,-0.2675978206052363,3,,,0.6016626925504147,2026-10-07T21:46:16+00:00,8481617.0
2026-10-07-late-2146,2026-10-07T21:46:26+00:00,2026020055,2026-10-07,player_points,over:8483445,C. Gauthier Over 0.5,0.5,0.5267317446475793,0.6385757017749117,0.0,,1.53,-0.11184395712733242,-0.19410043068920363,3,,,0.7480929151994459,2026-10-07T21:46:16+00:00,8483445.0
2026-10-07-late-2146,2026-10-07T21:46:26+00:00,2026020055,2026-10-07,player_points,over:8483482,T. Luneau Over 0.5,0.5,0.28124009346096046,0.34748010610074687,0.0,,2.6,-0.0662400126397864,-0.2687757570015028,1,,,0.330227903954724,2026-10-07T21:46:16+00:00,8483482.0
2026-10-07-late-2146,2026-10-07T21:46:26+00:00,2026020055,2026-10-07,player_points,over:8484153,L. Carlsson Over 0.5,0.5,0.5748424420748967,0.6089635502417009,0.0,,1.57,-0.03412110816680425,-0.0974973659424122,3,,,0.8552954542294247,2026-10-07T21:46:16+00:00,8484153.0
2026-10-07-late-2146,2026-10-07T21:46:26+00:00,2026020055,2026-10-07,player_points,over:8484762,B. Sennecke Over 0.5,0.5,0.44991172787507483,0.588336783988971,0.0,,1.61,-0.13842505611389622,-0.2756421181211295,3,,,0.5976765188609373,2026-10-07T21:46:16+00:00,8484762.0
2026-10-07-late-2146,2026-10-07T21:46:26+00:00,2026020055,2026-10-07,player_points,under:8473986,A. Killorn Under 0.5,0.5,0.5747517059853621,0.6072126047311412,0.0,,1.57,-0.03246089874577923,-0.09763982160298151,3,,,0.5538171471216556,2026-10-07T21:46:16+00:00,8473986.0
2026-10-07-late-2146,2026-10-07T21:46:26+00:00,2026020055,2026-10-07,player_points,under:8475218,M. Ekholm Under 0.5,0.5,0.7078361314163177,0.6699950694964512,0.0,,1.44,0.037841061919866525,0.019284029239497513,3,,,0.34554266487956176,2026-10-07T21:46:16+00:00,8475218.0
2026-10-07-late-2146,2026-10-07T21:46:26+00:00,2026020055,2026-10-07,player_points,under:8475798,M. Granlund Under 0.5,0.5,0.43516978042730714,0.4747984609146091,0.0,,2.0,-0.03962868048730195,-0.12966043914538572,3,,,0.8320190242077298,2026-10-07T21:46:16+00:00,8475798.0
2026-10-07-late-2146,2026-10-07T21:46:26+00:00,2026020055,2026-10-07,player_points,under:8477934,L. Draisaitl Under 1.5,1.5,0.7076363278501759,0.5575594816284506,0.0,,1.71,0.1500768462217254,0.2100581206238008,3,,,1.076516902385259,2026-10-07T21:46:16+00:00,8477934.0
2026-10-07-late-2146,2026-10-07T21:46:26+00:00,2026020055,2026-10-07,player_points,under:8477953,K. Kapanen Under 0.5,0.5,0.6882847993178637,0.5296766554711247,0.0,,1.83,0.158608143846739,0.2595611827516906,3,,,0.3735525742065961,2026-10-07T21:46:16+00:00,8477953.0
2026-10-07-late-2146,2026-10-07T21:46:26+00:00,2026020055,2026-10-07,player_points,under:8478402,C. McDavid Under 1.5,1.5,0.560094156079433,0.503348352533135,0.0,,1.92,0.056745803546297935,0.07538077967251133,3,,,1.4932290518489186,2026-10-07T21:46:16+00:00,8478402.0
2026-10-07-late-2146,2026-10-07T21:46:26+00:00,2026020055,2026-10-07,player_points,under:8478421,A. Greer Under 0.5,0.5,0.6123984861554996,0.6306329028497251,0.0,,1.52,-0.018234416694225486,-0.06915430104364056,2,,,0.490372087188111,2026-10-07T21:46:16+00:00,8478421.0
2026-10-07-late-2146,2026-10-07T21:46:26+00:00,2026020055,2026-10-07,player_points,under:8480068,R. Poehling Under 0.5,0.5,0.6508628640342177,0.6505425335474784,0.0,,1.47,0.0003203304867392398,-0.04323158986970005,2,,,0.42945631328962514,2026-10-07T21:46:16+00:00,8480068.0
2026-10-07-late-2146,2026-10-07T21:46:26+00:00,2026020055,2026-10-07,player_points,under:8480803,E. Bouchard Under 1.5,1.5,0.7130242175176134,0.6610134165344913,0.0,,1.45,0.05201080098312205,0.033885115400539345,2,,,1.061837439781311,2026-10-07T21:46:16+00:00,8480803.0
2026-10-07-late-2146,2026-10-07T21:46:26+00:00,2026020055,2026-10-07,player_points,under:8481605,J. LaCombe Under 0.5,0.5,0.4747076104511233,0.44818701789583393,0.0,,2.15,0.02652059255528938,0.020621362469915083,3,,,0.7450562214254584,2026-10-07T21:46:16+00:00,8481605.0
2026-10-07-late-2146,2026-10-07T21:46:26+00:00,2026020055,2026-10-07,player_points,under:8481617,V. Podkolzin Under 0.5,0.5,0.5478998892624916,0.4048285673053965,0.0,,2.35,0.14307132195709504,0.28756473976685526,3,,,0.6016626925504147,2026-10-07T21:46:16+00:00,8481617.0
2026-10-07-late-2146,2026-10-07T21:46:26+00:00,2026020055,2026-10-07,player_points,under:8483445,C. Gauthier Under 0.5,0.5,0.4732682553524207,0.36142429822508826,0.0,,2.65,0.11184395712733242,0.25416087668391474,3,,,0.7480929151994459,2026-10-07T21:46:16+00:00,8483445.0
2026-10-07-late-2146,2026-10-07T21:46:26+00:00,2026020055,2026-10-07,player_points,under:8483482,T. Luneau Under 0.5,0.5,0.7187599065390395,0.6525198938992531,0.0,,1.45,0.0662400126397864,0.04220186448160729,1,,,0.330227903954724,2026-10-07T21:46:16+00:00,8483482.0
2026-10-07-late-2146,2026-10-07T21:46:26+00:00,2026020055,2026-10-07,player_points,under:8484153,L. Carlsson Under 0.5,0.5,0.42515755792510335,0.3910364497582991,0.0,,2.42,0.03412110816680425,0.028881290178750074,3,,,0.8552954542294247,2026-10-07T21:46:16+00:00,8484153.0
2026-10-07-late-2146,2026-10-07T21:46:26+00:00,2026020055,2026-10-07,player_points,under:8484762,B. Sennecke Under 0.5,0.5,0.5500882721249252,0.41166321601102895,0.0,,2.25,0.13842505611389622,0.23769861228108158,3,,,0.5976765188609373,2026-10-07T21:46:16+00:00,8484762.0
2026-10-07-late-2146,2026-10-07T21:46:26+00:00,2026020055,2026-10-07,player_sog,over:8473986,A. Killorn Over 1.5,1.5,0.4752075368766697,0.5143003033453979,0.0,,1.91,-0.03909276646872817,-0.09235360456556085,4,,,1.6395860589011362,2026-10-07T21:46:16+00:00,8473986.0
2026-10-07-late-2146,2026-10-07T21:46:26+00:00,2026020055,2026-10-07,player_sog,over:8475798,M. Granlund Over 1.5,1.5,0.5610359141919885,0.5429197832124555,0.0,,1.83,0.01811613097953302,0.026695722971338987,4,,,1.949378550559123,2026-10-07T21:46:16+00:00,8475798.0
2026-10-07-late-2146,2026-10-07T21:46:26+00:00,2026020055,2026-10-07,player_sog,over:8477934,L. Draisaitl Over 3.5,3.5,0.3161358932872589,0.4121532383836215,0.0,,2.28,-0.09601734509636262,-0.27921016330504983,4,,,2.8227549201637054,2026-10-07T21:46:16+00:00,8477934.0
2026-10-07-late-2146,2026-10-07T21:46:26+00:00,2026020055,2026-10-07,player_sog,over:8477953,K. Kapanen Over 1.5,1.5,0.3889689851563465,0.55504618846013,0.0,,1.74,-0.1660772033037835,-0.3231939658279571,4,,,1.3638786172147772,2026-10-07T21:46:16+00:00,8477953.0
2026-10-07-late-2146,2026-10-07T21:46:26+00:00,2026020055,2026-10-07,player_sog,over:8478402,C. McDavid Over 3.5,3.5,0.40953190978175336,0.4259921868148585,0.0,,2.3,-0.016460277033105153,-0.0580766075019673,5,,,3.290508457569099,2026-10-07T21:46:16+00:00,8478402.0
2026-10-07-late-2146,2026-10-07T21:46:26+00:00,2026020055,2026-10-07,player_sog,over:8480803,E. Bouchard Over 2.5,2.5,0.4183664222883682,0.5192169327292834,0.0,,1.87,-0.1008505104409152,-0.21765479032075147,5,,,2.389363728846026,2026-10-07T21:46:16+00:00,8480803.0
2026-10-07-late-2146,2026-10-07T21:46:26+00:00,2026020055,2026-10-07,player_sog,over:8481605,J. LaCombe Over 1.5,1.5,0.5047685503354157,0.5591918600906011,0.0,,1.71,-0.05442330975518539,-0.13684577892643923,4,,,1.7414625124553307,2026-10-07T21:46:16+00:00,8481605.0
2026-10-07-late-2146,2026-10-07T21:46:26+00:00,2026020055,2026-10-07,player_sog,over:8481617,V. Podkolzin Over 2.5,2.5,0.36775563758655827,0.4621484373838721,0.0,,2.1,-0.09439279979731385,-0.2277131610682276,4,,,2.1804530907318824,2026-10-07T21:46:16+00:00,8481617.0
2026-10-07-late-2146,2026-10-07T21:46:26+00:00,2026020055,2026-10-07,player_sog,over:8483445,C. Gauthier Over 3.5,3.5,0.344596459419806,0.4852255934135058,0.0,,2.0,-0.1406291339936998,-0.310807081160388,5,,,2.963674514853744,2026-10-07T21:46:16+00:00,8483445.0
2026-10-07-late-2146,2026-10-07T21:46:26+00:00,2026020055,2026-10-07,player_sog,over:8483490,P. Mintyukov Over 1.5,1.5,0.29266778648528846,0.39542483660133076,0.0,,2.25,-0.1027570501160423,-0.34149748040810096,1,,,1.081177521523039,2026-10-07T21:46:16+00:00,8483490.0
2026-10-07-late-2146,2026-10-07T21:46:26+00:00,2026020055,2026-10-07,player_sog,over:8484153,L. Carlsson Over 2.5,2.5,0.49858754398256366,0.4483380915787557,0.0,,2.2,0.05024945240380796,0.09689259676164019,5,,,2.7409954318037144,2026-10-07T21:46:16+00:00,8484153.0
2026-10-07-late-2146,2026-10-07T21:46:26+00:00,2026020055,2026-10-07,player_sog,over:8484762,B. Sennecke Over 2.5,2.5,0.3812870018905914,0.4220516549426617,0.0,,2.4,-0.04076465305207033,-0.08491119546258075,5,,,2.2355956116599334,2026-10-07T21:46:16+00:00,8484762.0
2026-10-07-late-2146,2026-10-07T21:46:26+00:00,2026020055,2026-10-07,player_sog,under:8473986,A. Killorn Under 1.5,1.5,0.5247924631233303,0.4856996966546021,0.0,,1.95,0.03909276646872817,0.02334530309049404,4,,,1.6395860589011362,2026-10-07T21:46:16+00:00,8473986.0
2026-10-07-late-2146,2026-10-07T21:46:26+00:00,2026020055,2026-10-07,player_sog,under:8475798,M. Granlund Under 1.5,1.5,0.4389640858080115,0.4570802167875445,0.0,,2.07,-0.01811613097953302,-0.09134434237741629,4,,,1.949378550559123,2026-10-07T21:46:16+00:00,8475798.0
2026-10-07-late-2146,2026-10-07T21:46:26+00:00,2026020055,2026-10-07,player_sog,under:8477934,L. Draisaitl Under 3.5,3.5,0.6838641067127411,0.5878467616163785,0.0,,1.64,0.09601734509636262,0.12153713500889535,4,,,2.8227549201637054,2026-10-07T21:46:16+00:00,8477934.0
2026-10-07-late-2146,2026-10-07T21:46:26+00:00,2026020055,2026-10-07,player_sog,under:8477953,K. Kapanen Under 1.5,1.5,0.6110310148436535,0.44495381153987,0.0,,2.15,0.1660772033037835,0.31371668191385504,4,,,1.3638786172147772,2026-10-07T21:46:16+00:00,8477953.0
2026-10-07-late-2146,2026-10-07T21:46:26+00:00,2026020055,2026-10-07,player_sog,under:8478402,C. McDavid Under 3.5,3.5,0.5904680902182466,0.5740078131851415,0.0,,1.69,0.016460277033105153,-0.002108927531163207,5,,,3.290508457569099,2026-10-07T21:46:16+00:00,8478402.0
2026-10-07-late-2146,2026-10-07T21:46:26+00:00,2026020055,2026-10-07,player_sog,under:8480803,E. Bouchard Under 2.5,2.5,0.5816335777116318,0.4807830672707166,0.0,,2.14,0.1008505104409152,0.24469585630289215,5,,,2.389363728846026,2026-10-07T21:46:16+00:00,8480803.0
2026-10-07-late-2146,2026-10-07T21:46:26+00:00,2026020055,2026-10-07,player_sog,under:8481605,J. LaCombe Under 1.5,1.5,0.4952314496645843,0.44080813990939893,0.0,,2.15,0.05442330975518539,0.06474761677885621,4,,,1.7414625124553307,2026-10-07T21:46:16+00:00,8481605.0
2026-10-07-late-2146,2026-10-07T21:46:26+00:00,2026020055,2026-10-07,player_sog,under:8481617,V. Podkolzin Under 2.5,2.5,0.6322443624134417,0.5378515626161279,0.0,,1.8,0.09439279979731385,0.13803985234419514,4,,,2.1804530907318824,2026-10-07T21:46:16+00:00,8481617.0
2026-10-07-late-2146,2026-10-07T21:46:26+00:00,2026020055,2026-10-07,player_sog,under:8483445,C. Gauthier Under 3.5,3.5,0.655403540580194,0.5147744065864942,0.0,,1.87,0.1406291339936998,0.22560462088496291,5,,,2.963674514853744,2026-10-07T21:46:16+00:00,8483445.0
2026-10-07-late-2146,2026-10-07T21:46:26+00:00,2026020055,2026-10-07,player_sog,under:8483490,P. Mintyukov Under 1.5,1.5,0.7073322135147115,0.6045751633986692,0.0,,1.53,0.1027570501160423,0.08221828667750869,1,,,1.081177521523039,2026-10-07T21:46:16+00:00,8483490.0
2026-10-07-late-2146,2026-10-07T21:46:26+00:00,2026020055,2026-10-07,player_sog,under:8484153,L. Carlsson Under 2.5,2.5,0.5014124560174363,0.5516619084212443,0.0,,1.74,-0.05024945240380796,-0.1275423265296608,5,,,2.7409954318037144,2026-10-07T21:46:16+00:00,8484153.0
2026-10-07-late-2146,2026-10-07T21:46:26+00:00,2026020055,2026-10-07,player_sog,under:8484762,B. Sennecke Under 2.5,2.5,0.6187129981094086,0.5779483450573383,0.0,,1.69,0.04076465305207033,0.045624966804900524,5,,,2.2355956116599334,2026-10-07T21:46:16+00:00,8484762.0
2026-10-07-late-2146,2026-10-07T21:46:26+00:00,2026020055,2026-10-07,spreads,away,EDM -1.5,-1.5,0.26112839818417055,0.341198871903299,0.0,,2.8,-0.08007047371912845,-0.2688404850843225,9,3.1560969480799725,2.934497483027167,6.203902645553092,2026-10-07T21:46:16+00:00,
2026-10-07-late-2146,2026-10-07T21:46:26+00:00,2026020055,2026-10-07,spreads,home,ANA +1.5,1.5,0.7388716018158294,0.658801128096701,0.0,,1.49,0.08007047371912845,0.10091868670558585,9,3.1560969480799725,2.934497483027167,6.203902645553092,2026-10-07T21:46:16+00:00,
2026-10-07-late-2146,2026-10-07T21:46:26+00:00,2026020055,2026-10-07,totals,over,Over 6.5,6.5,0.4560029962414317,0.5590425911144027,0.0,,1.77,-0.10303959487297099,-0.19287469665266588,8,3.1560969480799725,2.934497483027167,6.203902645553092,2026-10-07T21:46:16+00:00,
2026-10-07-late-2146,2026-10-07T21:46:26+00:00,2026020055,2026-10-07,totals,under,Under 6.5,6.5,0.5439970037585683,0.4409574088855973,0.0,,2.21,0.10303959487297099,0.20223337830643595,8,3.1560969480799725,2.934497483027167,6.203902645553092,2026-10-07T21:46:16+00:00,
