run_id,run_at,game_id,game_date,market,side,label,point,p_model,p_market,p_push,book,decimal,edge,ev,n_books,lam_home,lam_away,exp_total,odds_captured_at
2026-10-01-morning-1939,2026-10-01T19:39:38+00:00,2026020009,2026-10-01,spreads,away,PHI +1.5,1.5,0.6356482854608154,0.6192874495588827,0.0,,1.59,0.016360835901932713,0.01068077388269656,9,3.345340293346911,2.7108491437550817,6.164752594981631,2026-10-01T19:39:36+00:00
2026-10-01-morning-1939,2026-10-01T19:39:38+00:00,2026020009,2026-10-01,spreads,home,NJD -1.5,-1.5,0.3643517145391845,0.3807125504411173,0.0,,2.54,-0.01636083590193277,-0.07454664507047126,9,3.345340293346911,2.7108491437550817,6.164752594981631,2026-10-01T19:39:36+00:00
2026-10-01-morning-1939,2026-10-01T19:39:38+00:00,2026020009,2026-10-01,totals,over,Over 5.5,5.5,0.5769205511326302,0.5277033032188861,0.0,,1.83,0.049217247913744044,0.05576460857271326,9,3.345340293346911,2.7108491437550817,6.164752594981631,2026-10-01T19:39:36+00:00
2026-10-01-morning-1939,2026-10-01T19:39:38+00:00,2026020009,2026-10-01,totals,under,Under 5.5,5.5,0.4230794488673698,0.47229669678111386,0.0,,2.06,-0.049217247913744044,-0.12845633533321815,9,3.345340293346911,2.7108491437550817,6.164752594981631,2026-10-01T19:39:36+00:00
2026-10-01-morning-1939,2026-10-01T19:39:38+00:00,2026020010,2026-10-01,spreads,away,TBL -1.5,-1.5,0.32376505114563403,0.34442816160991374,0.0,,2.8,-0.02066311046427971,-0.09345785679222474,9,2.7999665343247337,3.1560641406838927,6.0690972538214645,2026-10-01T19:39:36+00:00
2026-10-01-morning-1939,2026-10-01T19:39:38+00:00,2026020010,2026-10-01,spreads,home,NYR +1.5,1.5,0.676234948854366,0.6555718383900863,0.0,,1.49,0.02066311046427971,0.007590073793005303,9,2.7999665343247337,3.1560641406838927,6.0690972538214645,2026-10-01T19:39:36+00:00
2026-10-01-morning-1939,2026-10-01T19:39:38+00:00,2026020010,2026-10-01,totals,over,Over 5.5,5.5,0.560938026093205,0.5293667131789552,0.0,,1.85,0.03157131291424975,0.03773534827242925,9,2.7999665343247337,3.1560641406838927,6.0690972538214645,2026-10-01T19:39:36+00:00
2026-10-01-morning-1939,2026-10-01T19:39:38+00:00,2026020010,2026-10-01,totals,under,Under 5.5,5.5,0.439061973906795,0.47063328682104477,0.0,,2.08,-0.03157131291424975,-0.08675109427386635,9,2.7999665343247337,3.1560641406838927,6.0690972538214645,2026-10-01T19:39:36+00:00
2026-10-01-morning-1939,2026-10-01T19:39:38+00:00,2026020011,2026-10-01,spreads,away,BUF -1.5,-1.5,0.3017626471934416,0.2937255976712635,0.0,,3.28,0.008037049522178097,-0.01021851720551159,9,2.9456763474985457,3.0994105035437514,6.158794099039496,2026-10-01T19:39:36+00:00
2026-10-01-morning-1939,2026-10-01T19:39:38+00:00,2026020011,2026-10-01,spreads,home,CBJ +1.5,1.5,0.6982373528065584,0.7062744023287365,0.0,,1.4,-0.008037049522178097,-0.022467706070818272,9,2.9456763474985457,3.0994105035437514,6.158794099039496,2026-10-01T19:39:36+00:00
2026-10-01-morning-1939,2026-10-01T19:39:38+00:00,2026020011,2026-10-01,totals,over,Over 6,6.0,0.5119297125821816,0.511598796475692,0.1250155217904961,,1.88,0.00033091610648960934,-0.03287503961542043,6,2.9456763474985457,3.0994105035437514,6.158794099039496,2026-10-01T19:39:36+00:00
2026-10-01-morning-1939,2026-10-01T19:39:38+00:00,2026020011,2026-10-01,totals,under,Under 6,6.0,0.48807028741781844,0.48840120352430805,0.1250155217904961,,1.97,-0.00033091610648960934,-0.03368824445079427,6,2.9456763474985457,3.0994105035437514,6.158794099039496,2026-10-01T19:39:36+00:00
2026-10-01-morning-1939,2026-10-01T19:39:38+00:00,2026020012,2026-10-01,spreads,away,MIN -1.5,-1.5,0.3060065943594493,0.3498601280966631,0.0,,2.8,-0.04385353373721379,-0.14318153579354198,9,2.9049792575497593,3.099994119692535,6.118817827537657,2026-10-01T19:39:36+00:00
2026-10-01-morning-1939,2026-10-01T19:39:38+00:00,2026020012,2026-10-01,spreads,home,NSH +1.5,1.5,0.6939934056405507,0.6501398719033369,0.0,,1.53,0.04385353373721379,0.06180991063004254,9,2.9049792575497593,3.099994119692535,6.118817827537657,2026-10-01T19:39:36+00:00
2026-10-01-morning-1939,2026-10-01T19:39:38+00:00,2026020012,2026-10-01,totals,over,Over 6,6.0,0.5044042299059135,0.5079542303719492,0.12506303880364963,,1.91,-0.0035500004660357076,-0.032012124310981716,6,2.9049792575497593,3.099994119692535,6.118817827537657,2026-10-01T19:39:36+00:00
2026-10-01-morning-1939,2026-10-01T19:39:38+00:00,2026020012,2026-10-01,totals,under,Under 6,6.0,0.4955957700940865,0.4920457696280508,0.12506303880364963,,1.96,0.0035500004660357076,-0.02505144934329545,6,2.9049792575497593,3.099994119692535,6.118817827537657,2026-10-01T19:39:36+00:00
2026-10-01-morning-1939,2026-10-01T19:39:38+00:00,2026020013,2026-10-01,spreads,away,CHI +1.5,1.5,0.6039724947547807,0.5589040909181027,0.0,,1.74,0.045068403836677984,0.05091214087331836,9,3.4833761155745617,2.568457198024776,6.154339723005812,2026-10-01T19:39:36+00:00
2026-10-01-morning-1939,2026-10-01T19:39:38+00:00,2026020013,2026-10-01,spreads,home,UTA -1.5,-1.5,0.3960275052452193,0.44109590908189733,0.0,,2.2,-0.04506840383667804,-0.12873948846051742,9,3.4833761155745617,2.568457198024776,6.154339723005812,2026-10-01T19:39:36+00:00
2026-10-01-morning-1939,2026-10-01T19:39:38+00:00,2026020013,2026-10-01,totals,over,Over 6,6.0,0.5111291690051674,0.5011393041417551,0.12668303364625114,,1.93,0.009989864863412246,-0.011807860043073548,6,3.4833761155745617,2.568457198024776,6.154339723005812,2026-10-01T19:39:36+00:00
2026-10-01-morning-1939,2026-10-01T19:39:38+00:00,2026020013,2026-10-01,totals,under,Under 6,6.0,0.48887083099483264,0.4988606958582449,0.12668303364625114,,1.95,-0.009989864863412246,-0.04078554378042404,6,3.4833761155745617,2.568457198024776,6.154339723005812,2026-10-01T19:39:36+00:00
2026-10-01-morning-1939,2026-10-01T19:39:38+00:00,2026020014,2026-10-01,spreads,away,SEA +1.5,1.5,0.7040223646474781,0.7130846985622322,0.0,,1.36,-0.009062333914754084,-0.04252958407942964,8,2.99222627585854,2.9484504080226346,6.0555278063177145,2026-10-01T19:39:36+00:00
2026-10-01-morning-1939,2026-10-01T19:39:38+00:00,2026020014,2026-10-01,spreads,home,CGY -1.5,-1.5,0.2959776353525218,0.2869153014377678,0.0,,3.32,0.009062333914754028,-0.017354250629627588,8,2.99222627585854,2.9484504080226346,6.0555278063177145,2026-10-01T19:39:36+00:00
2026-10-01-morning-1939,2026-10-01T19:39:38+00:00,2026020014,2026-10-01,totals,over,Over 6,6.0,0.4924124516532283,0.4798892514812127,0.12494130398207892,,2.04,0.01252320017201558,0.003956491589268418,6,2.99222627585854,2.9484504080226346,6.0555278063177145,2026-10-01T19:39:36+00:00
2026-10-01-morning-1939,2026-10-01T19:39:38+00:00,2026020014,2026-10-01,totals,under,Under 6,6.0,0.5075875483467718,0.5201107485187872,0.12494130398207892,,1.91,-0.01252320017201547,-0.02669610051081528,6,2.99222627585854,2.9484504080226346,6.0555278063177145,2026-10-01T19:39:36+00:00
2026-10-01-morning-1939,2026-10-01T19:39:38+00:00,2026020015,2026-10-01,spreads,away,EDM -1.5,-1.5,0.33130800372144376,0.4491492161956594,0.0,,2.18,-0.11784121247421564,-0.27774855188725256,9,2.7985965550213225,3.2172938407248295,6.12782977773685,2026-10-01T19:39:36+00:00
2026-10-01-morning-1939,2026-10-01T19:39:38+00:00,2026020015,2026-10-01,spreads,home,VAN +1.5,1.5,0.6686919962785562,0.5508507838043406,0.0,,1.77,0.11784121247421564,0.18358483341304455,9,2.7985965550213225,3.2172938407248295,6.12782977773685,2026-10-01T19:39:36+00:00
2026-10-01-morning-1939,2026-10-01T19:39:38+00:00,2026020015,2026-10-01,totals,over,Over 6.5,6.5,0.4429649001433853,0.5154719686304426,0.0,,1.88,-0.07250706848705735,-0.16722598773043568,9,2.7985965550213225,3.2172938407248295,6.12782977773685,2026-10-01T19:39:36+00:00
2026-10-01-morning-1939,2026-10-01T19:39:38+00:00,2026020015,2026-10-01,totals,under,Under 6.5,6.5,0.5570350998566147,0.48452803136955735,0.0,,2.02,0.07250706848705735,0.12521090171036175,9,2.7985965550213225,3.2172938407248295,6.12782977773685,2026-10-01T19:39:36+00:00
2026-10-01-morning-1939,2026-10-01T19:39:38+00:00,2026020016,2026-10-01,spreads,away,FLA -1.5,-1.5,0.28916541220386394,0.36013460096596495,0.0,,2.7,-0.07096918876210101,-0.21925338704956732,9,3.0181481475048058,3.0560261225228187,6.187935544603014,2026-10-01T19:39:36+00:00
2026-10-01-morning-1939,2026-10-01T19:39:38+00:00,2026020016,2026-10-01,spreads,home,SJS +1.5,1.5,0.7108345877961361,0.639865399034035,0.0,,1.53,0.07096918876210101,0.0875769193280882,9,3.0181481475048058,3.0560261225228187,6.187935544603014,2026-10-01T19:39:36+00:00
2026-10-01-morning-1939,2026-10-01T19:39:38+00:00,2026020016,2026-10-01,totals,over,Over 6.5,6.5,0.4531088298898321,0.48652308464516913,0.0,,2.0,-0.03341425475533705,-0.09378234022033588,9,3.0181481475048058,3.0560261225228187,6.187935544603014,2026-10-01T19:39:36+00:00
2026-10-01-morning-1939,2026-10-01T19:39:38+00:00,2026020016,2026-10-01,totals,under,Under 6.5,6.5,0.546891170110168,0.5134769153548309,0.0,,1.89,0.0334142547553371,0.03362431150821743,9,3.0181481475048058,3.0560261225228187,6.187935544603014,2026-10-01T19:39:36+00:00
