captured_at,event_id,commence_time,home,away,book,market,outcome,point,price,book_updated,game_id
2026-09-30T15:57:14+00:00,01d78cd04d7c4fb958e1d02bace05ec4,2026-10-09T00:10:00Z,STL,SJS,draftkings,h2h,SJS,0.0,1.87,2026-09-30T15:56:03Z,2026020063
2026-09-30T15:57:14+00:00,01d78cd04d7c4fb958e1d02bace05ec4,2026-10-09T00:10:00Z,STL,SJS,draftkings,h2h,STL,0.0,1.95,2026-09-30T15:56:03Z,2026020063
2026-09-30T15:57:14+00:00,13520f2d7e050ef0f37b2c8ba7ff4a53,2026-10-01T02:10:00Z,COL,LAK,betmgm,h2h,COL,0.0,1.53,2026-09-30T15:56:03Z,2026020007
2026-09-30T15:57:14+00:00,13520f2d7e050ef0f37b2c8ba7ff4a53,2026-10-01T02:10:00Z,COL,LAK,betmgm,h2h,LAK,0.0,2.55,2026-09-30T15:56:03Z,2026020007
2026-09-30T15:57:14+00:00,13520f2d7e050ef0f37b2c8ba7ff4a53,2026-10-01T02:10:00Z,COL,LAK,betonlineag,h2h,COL,0.0,1.53,2026-09-30T15:56:49Z,2026020007
2026-09-30T15:57:14+00:00,13520f2d7e050ef0f37b2c8ba7ff4a53,2026-10-01T02:10:00Z,COL,LAK,betonlineag,h2h,LAK,0.0,2.66,2026-09-30T15:56:49Z,2026020007
2026-09-30T15:57:14+00:00,13520f2d7e050ef0f37b2c8ba7ff4a53,2026-10-01T02:10:00Z,COL,LAK,betrivers,h2h,COL,0.0,1.5,2026-09-30T15:56:03Z,2026020007
2026-09-30T15:57:14+00:00,13520f2d7e050ef0f37b2c8ba7ff4a53,2026-10-01T02:10:00Z,COL,LAK,betrivers,h2h,LAK,0.0,2.63,2026-09-30T15:56:03Z,2026020007
2026-09-30T15:57:14+00:00,13520f2d7e050ef0f37b2c8ba7ff4a53,2026-10-01T02:10:00Z,COL,LAK,betus,h2h,COL,0.0,1.53,2026-09-30T15:56:48Z,2026020007
2026-09-30T15:57:14+00:00,13520f2d7e050ef0f37b2c8ba7ff4a53,2026-10-01T02:10:00Z,COL,LAK,betus,h2h,LAK,0.0,2.63,2026-09-30T15:56:48Z,2026020007
2026-09-30T15:57:14+00:00,13520f2d7e050ef0f37b2c8ba7ff4a53,2026-10-01T02:10:00Z,COL,LAK,bovada,h2h,COL,0.0,1.51,2026-09-30T15:55:19Z,2026020007
2026-09-30T15:57:14+00:00,13520f2d7e050ef0f37b2c8ba7ff4a53,2026-10-01T02:10:00Z,COL,LAK,bovada,h2h,LAK,0.0,2.68,2026-09-30T15:55:19Z,2026020007
2026-09-30T15:57:14+00:00,13520f2d7e050ef0f37b2c8ba7ff4a53,2026-10-01T02:10:00Z,COL,LAK,draftkings,h2h,COL,0.0,1.52,2026-09-30T15:56:02Z,2026020007
2026-09-30T15:57:14+00:00,13520f2d7e050ef0f37b2c8ba7ff4a53,2026-10-01T02:10:00Z,COL,LAK,draftkings,h2h,LAK,0.0,2.6,2026-09-30T15:56:02Z,2026020007
2026-09-30T15:57:14+00:00,13520f2d7e050ef0f37b2c8ba7ff4a53,2026-10-01T02:10:00Z,COL,LAK,fanduel,h2h,COL,0.0,1.5,2026-09-30T15:56:48Z,2026020007
2026-09-30T15:57:14+00:00,13520f2d7e050ef0f37b2c8ba7ff4a53,2026-10-01T02:10:00Z,COL,LAK,fanduel,h2h,LAK,0.0,2.64,2026-09-30T15:56:48Z,2026020007
2026-09-30T15:57:14+00:00,13520f2d7e050ef0f37b2c8ba7ff4a53,2026-10-01T02:10:00Z,COL,LAK,lowvig,h2h,COL,0.0,1.53,2026-09-30T15:56:03Z,2026020007
2026-09-30T15:57:14+00:00,13520f2d7e050ef0f37b2c8ba7ff4a53,2026-10-01T02:10:00Z,COL,LAK,lowvig,h2h,LAK,0.0,2.66,2026-09-30T15:56:03Z,2026020007
2026-09-30T15:57:14+00:00,13520f2d7e050ef0f37b2c8ba7ff4a53,2026-10-01T02:10:00Z,COL,LAK,mybookieag,h2h,COL,0.0,1.52,2026-09-30T15:56:02Z,2026020007
2026-09-30T15:57:14+00:00,13520f2d7e050ef0f37b2c8ba7ff4a53,2026-10-01T02:10:00Z,COL,LAK,mybookieag,h2h,LAK,0.0,2.54,2026-09-30T15:56:02Z,2026020007
2026-09-30T15:57:14+00:00,25079431893a620763e5a454d7991922,2026-10-03T23:10:00Z,TBL,WSH,betmgm,h2h,TBL,0.0,1.69,2026-09-30T15:56:03Z,2026020024
2026-09-30T15:57:14+00:00,25079431893a620763e5a454d7991922,2026-10-03T23:10:00Z,TBL,WSH,betmgm,h2h,WSH,0.0,2.2,2026-09-30T15:56:03Z,2026020024
2026-09-30T15:57:14+00:00,25079431893a620763e5a454d7991922,2026-10-03T23:10:00Z,TBL,WSH,bovada,h2h,TBL,0.0,1.68,2026-09-30T15:55:19Z,2026020024
2026-09-30T15:57:14+00:00,25079431893a620763e5a454d7991922,2026-10-03T23:10:00Z,TBL,WSH,bovada,h2h,WSH,0.0,2.27,2026-09-30T15:55:19Z,2026020024
2026-09-30T15:57:14+00:00,25079431893a620763e5a454d7991922,2026-10-03T23:10:00Z,TBL,WSH,draftkings,h2h,TBL,0.0,1.68,2026-09-30T15:56:02Z,2026020024
2026-09-30T15:57:14+00:00,25079431893a620763e5a454d7991922,2026-10-03T23:10:00Z,TBL,WSH,draftkings,h2h,WSH,0.0,2.24,2026-09-30T15:56:02Z,2026020024
2026-09-30T15:57:14+00:00,255dd8cc841121349fe98f49791da840,2026-09-30T23:30:00Z,PHI,PIT,betmgm,h2h,PHI,0.0,1.69,2026-09-30T15:56:03Z,2026020006
2026-09-30T15:57:14+00:00,255dd8cc841121349fe98f49791da840,2026-09-30T23:30:00Z,PHI,PIT,betmgm,h2h,PIT,0.0,2.2,2026-09-30T15:56:03Z,2026020006
2026-09-30T15:57:14+00:00,255dd8cc841121349fe98f49791da840,2026-09-30T23:30:00Z,PHI,PIT,betonlineag,h2h,PHI,0.0,1.71,2026-09-30T15:56:49Z,2026020006
2026-09-30T15:57:14+00:00,255dd8cc841121349fe98f49791da840,2026-09-30T23:30:00Z,PHI,PIT,betonlineag,h2h,PIT,0.0,2.24,2026-09-30T15:56:49Z,2026020006
2026-09-30T15:57:14+00:00,255dd8cc841121349fe98f49791da840,2026-09-30T23:30:00Z,PHI,PIT,betrivers,h2h,PHI,0.0,1.7,2026-09-30T15:56:03Z,2026020006
2026-09-30T15:57:14+00:00,255dd8cc841121349fe98f49791da840,2026-09-30T23:30:00Z,PHI,PIT,betrivers,h2h,PIT,0.0,2.18,2026-09-30T15:56:03Z,2026020006
2026-09-30T15:57:14+00:00,255dd8cc841121349fe98f49791da840,2026-09-30T23:30:00Z,PHI,PIT,betus,h2h,PHI,0.0,1.71,2026-09-30T15:56:48Z,2026020006
2026-09-30T15:57:14+00:00,255dd8cc841121349fe98f49791da840,2026-09-30T23:30:00Z,PHI,PIT,betus,h2h,PIT,0.0,2.2,2026-09-30T15:56:48Z,2026020006
2026-09-30T15:57:14+00:00,255dd8cc841121349fe98f49791da840,2026-09-30T23:30:00Z,PHI,PIT,bovada,h2h,PHI,0.0,1.71,2026-09-30T15:55:19Z,2026020006
2026-09-30T15:57:14+00:00,255dd8cc841121349fe98f49791da840,2026-09-30T23:30:00Z,PHI,PIT,bovada,h2h,PIT,0.0,2.2,2026-09-30T15:55:19Z,2026020006
2026-09-30T15:57:14+00:00,255dd8cc841121349fe98f49791da840,2026-09-30T23:30:00Z,PHI,PIT,draftkings,h2h,PHI,0.0,1.7,2026-09-30T15:56:02Z,2026020006
2026-09-30T15:57:14+00:00,255dd8cc841121349fe98f49791da840,2026-09-30T23:30:00Z,PHI,PIT,draftkings,h2h,PIT,0.0,2.2,2026-09-30T15:56:02Z,2026020006
2026-09-30T15:57:14+00:00,255dd8cc841121349fe98f49791da840,2026-09-30T23:30:00Z,PHI,PIT,fanduel,h2h,PHI,0.0,1.68,2026-09-30T15:56:48Z,2026020006
2026-09-30T15:57:14+00:00,255dd8cc841121349fe98f49791da840,2026-09-30T23:30:00Z,PHI,PIT,fanduel,h2h,PIT,0.0,2.22,2026-09-30T15:56:48Z,2026020006
2026-09-30T15:57:14+00:00,255dd8cc841121349fe98f49791da840,2026-09-30T23:30:00Z,PHI,PIT,lowvig,h2h,PHI,0.0,1.71,2026-09-30T15:56:03Z,2026020006
2026-09-30T15:57:14+00:00,255dd8cc841121349fe98f49791da840,2026-09-30T23:30:00Z,PHI,PIT,lowvig,h2h,PIT,0.0,2.24,2026-09-30T15:56:03Z,2026020006
2026-09-30T15:57:14+00:00,255dd8cc841121349fe98f49791da840,2026-09-30T23:30:00Z,PHI,PIT,mybookieag,h2h,PHI,0.0,1.69,2026-09-30T15:56:02Z,2026020006
2026-09-30T15:57:14+00:00,255dd8cc841121349fe98f49791da840,2026-09-30T23:30:00Z,PHI,PIT,mybookieag,h2h,PIT,0.0,2.18,2026-09-30T15:56:02Z,2026020006
2026-09-30T15:57:14+00:00,3a95439904d3d0af12970bb0c8e66a3a,2026-10-07T02:40:00Z,LAK,FLA,draftkings,h2h,FLA,0.0,1.8,2026-09-30T15:56:03Z,2026020052
2026-09-30T15:57:14+00:00,3a95439904d3d0af12970bb0c8e66a3a,2026-10-07T02:40:00Z,LAK,FLA,draftkings,h2h,LAK,0.0,2.05,2026-09-30T15:56:03Z,2026020052
2026-09-30T15:57:14+00:00,3a9af73961ea2f2322255a6fca4d421e,2026-10-04T00:10:00Z,MIN,BOS,betmgm,h2h,BOS,0.0,2.54,2026-09-30T15:56:03Z,2026020031
2026-09-30T15:57:14+00:00,3a9af73961ea2f2322255a6fca4d421e,2026-10-04T00:10:00Z,MIN,BOS,betmgm,h2h,MIN,0.0,1.54,2026-09-30T15:56:03Z,2026020031
2026-09-30T15:57:14+00:00,3a9af73961ea2f2322255a6fca4d421e,2026-10-04T00:10:00Z,MIN,BOS,bovada,h2h,BOS,0.0,2.58,2026-09-30T15:55:19Z,2026020031
2026-09-30T15:57:14+00:00,3a9af73961ea2f2322255a6fca4d421e,2026-10-04T00:10:00Z,MIN,BOS,bovada,h2h,MIN,0.0,1.55,2026-09-30T15:55:19Z,2026020031
2026-09-30T15:57:14+00:00,3a9af73961ea2f2322255a6fca4d421e,2026-10-04T00:10:00Z,MIN,BOS,draftkings,h2h,BOS,0.0,2.36,2026-09-30T15:56:02Z,2026020031
2026-09-30T15:57:14+00:00,3a9af73961ea2f2322255a6fca4d421e,2026-10-04T00:10:00Z,MIN,BOS,draftkings,h2h,MIN,0.0,1.62,2026-09-30T15:56:02Z,2026020031
2026-09-30T15:57:14+00:00,3b7b6520b0bc91f44cf9c9575d7e29f7,2026-10-06T23:10:00Z,MTL,CAR,draftkings,h2h,CAR,0.0,1.85,2026-09-30T15:56:03Z,2026020045
2026-09-30T15:57:14+00:00,3b7b6520b0bc91f44cf9c9575d7e29f7,2026-10-06T23:10:00Z,MTL,CAR,draftkings,h2h,MTL,0.0,1.98,2026-09-30T15:56:03Z,2026020045
2026-09-30T15:57:14+00:00,3e2c8a883cae029144e27e4fca5ae9e8,2026-10-03T23:40:00Z,NYI,NJD,betmgm,h2h,NJD,0.0,1.91,2026-09-30T15:56:03Z,2026020029
2026-09-30T15:57:14+00:00,3e2c8a883cae029144e27e4fca5ae9e8,2026-10-03T23:40:00Z,NYI,NJD,betmgm,h2h,NYI,0.0,1.91,2026-09-30T15:56:03Z,2026020029
2026-09-30T15:57:14+00:00,3e2c8a883cae029144e27e4fca5ae9e8,2026-10-03T23:40:00Z,NYI,NJD,bovada,h2h,NJD,0.0,1.95,2026-09-30T15:55:19Z,2026020029
2026-09-30T15:57:14+00:00,3e2c8a883cae029144e27e4fca5ae9e8,2026-10-03T23:40:00Z,NYI,NJD,bovada,h2h,NYI,0.0,1.87,2026-09-30T15:55:19Z,2026020029
2026-09-30T15:57:14+00:00,3e2c8a883cae029144e27e4fca5ae9e8,2026-10-03T23:40:00Z,NYI,NJD,draftkings,h2h,NJD,0.0,1.98,2026-09-30T15:56:02Z,2026020029
2026-09-30T15:57:14+00:00,3e2c8a883cae029144e27e4fca5ae9e8,2026-10-03T23:40:00Z,NYI,NJD,draftkings,h2h,NYI,0.0,1.85,2026-09-30T15:56:02Z,2026020029
2026-09-30T15:57:14+00:00,4951992db982c394e261970cbfb52332,2026-10-10T22:10:00Z,FLA,MIN,draftkings,h2h,FLA,0.0,1.65,2026-09-30T15:56:03Z,2026020073
2026-09-30T15:57:14+00:00,4951992db982c394e261970cbfb52332,2026-10-10T22:10:00Z,FLA,MIN,draftkings,h2h,MIN,0.0,2.3,2026-09-30T15:56:03Z,2026020073
2026-09-30T15:57:14+00:00,4cfafb524b2107d73365ce0709b59dd8,2026-10-01T23:10:00Z,CBJ,BUF,betmgm,h2h,BUF,0.0,1.91,2026-09-30T15:56:03Z,2026020011
2026-09-30T15:57:14+00:00,4cfafb524b2107d73365ce0709b59dd8,2026-10-01T23:10:00Z,CBJ,BUF,betmgm,h2h,CBJ,0.0,1.91,2026-09-30T15:56:03Z,2026020011
2026-09-30T15:57:14+00:00,4cfafb524b2107d73365ce0709b59dd8,2026-10-01T23:10:00Z,CBJ,BUF,betonlineag,h2h,BUF,0.0,1.93,2026-09-30T15:56:49Z,2026020011
2026-09-30T15:57:14+00:00,4cfafb524b2107d73365ce0709b59dd8,2026-10-01T23:10:00Z,CBJ,BUF,betonlineag,h2h,CBJ,0.0,1.94,2026-09-30T15:56:49Z,2026020011
2026-09-30T15:57:14+00:00,4cfafb524b2107d73365ce0709b59dd8,2026-10-01T23:10:00Z,CBJ,BUF,bovada,h2h,BUF,0.0,1.95,2026-09-30T15:55:19Z,2026020011
2026-09-30T15:57:14+00:00,4cfafb524b2107d73365ce0709b59dd8,2026-10-01T23:10:00Z,CBJ,BUF,bovada,h2h,CBJ,0.0,1.87,2026-09-30T15:55:19Z,2026020011
2026-09-30T15:57:14+00:00,4cfafb524b2107d73365ce0709b59dd8,2026-10-01T23:10:00Z,CBJ,BUF,draftkings,h2h,BUF,0.0,1.95,2026-09-30T15:56:02Z,2026020011
2026-09-30T15:57:14+00:00,4cfafb524b2107d73365ce0709b59dd8,2026-10-01T23:10:00Z,CBJ,BUF,draftkings,h2h,CBJ,0.0,1.87,2026-09-30T15:56:02Z,2026020011
2026-09-30T15:57:14+00:00,4cfafb524b2107d73365ce0709b59dd8,2026-10-01T23:10:00Z,CBJ,BUF,lowvig,h2h,BUF,0.0,1.93,2026-09-30T15:56:03Z,2026020011
2026-09-30T15:57:14+00:00,4cfafb524b2107d73365ce0709b59dd8,2026-10-01T23:10:00Z,CBJ,BUF,lowvig,h2h,CBJ,0.0,1.94,2026-09-30T15:56:03Z,2026020011
2026-09-30T15:57:14+00:00,4d301bd0ac75067598d134600a80918c,2026-10-02T01:10:00Z,UTA,CHI,betmgm,h2h,CHI,0.0,2.65,2026-09-30T15:56:03Z,2026020013
2026-09-30T15:57:14+00:00,4d301bd0ac75067598d134600a80918c,2026-10-02T01:10:00Z,UTA,CHI,betmgm,h2h,UTA,0.0,1.5,2026-09-30T15:56:03Z,2026020013
2026-09-30T15:57:14+00:00,4d301bd0ac75067598d134600a80918c,2026-10-02T01:10:00Z,UTA,CHI,betonlineag,h2h,CHI,0.0,2.66,2026-09-30T15:56:49Z,2026020013
2026-09-30T15:57:14+00:00,4d301bd0ac75067598d134600a80918c,2026-10-02T01:10:00Z,UTA,CHI,betonlineag,h2h,UTA,0.0,1.53,2026-09-30T15:56:49Z,2026020013
2026-09-30T15:57:14+00:00,4d301bd0ac75067598d134600a80918c,2026-10-02T01:10:00Z,UTA,CHI,bovada,h2h,CHI,0.0,2.68,2026-09-30T15:55:19Z,2026020013
2026-09-30T15:57:14+00:00,4d301bd0ac75067598d134600a80918c,2026-10-02T01:10:00Z,UTA,CHI,bovada,h2h,UTA,0.0,1.51,2026-09-30T15:55:19Z,2026020013
2026-09-30T15:57:14+00:00,4d301bd0ac75067598d134600a80918c,2026-10-02T01:10:00Z,UTA,CHI,draftkings,h2h,CHI,0.0,2.6,2026-09-30T15:56:02Z,2026020013
2026-09-30T15:57:14+00:00,4d301bd0ac75067598d134600a80918c,2026-10-02T01:10:00Z,UTA,CHI,draftkings,h2h,UTA,0.0,1.52,2026-09-30T15:56:02Z,2026020013
2026-09-30T15:57:14+00:00,4d301bd0ac75067598d134600a80918c,2026-10-02T01:10:00Z,UTA,CHI,lowvig,h2h,CHI,0.0,2.66,2026-09-30T15:56:03Z,2026020013
2026-09-30T15:57:14+00:00,4d301bd0ac75067598d134600a80918c,2026-10-02T01:10:00Z,UTA,CHI,lowvig,h2h,UTA,0.0,1.53,2026-09-30T15:56:03Z,2026020013
2026-09-30T15:57:14+00:00,53b58ae0f99c8172ebee3bd82e7c83a7,2026-10-03T23:10:00Z,PIT,MTL,betmgm,h2h,MTL,0.0,1.91,2026-09-30T15:56:03Z,2026020026
2026-09-30T15:57:14+00:00,53b58ae0f99c8172ebee3bd82e7c83a7,2026-10-03T23:10:00Z,PIT,MTL,betmgm,h2h,PIT,0.0,1.91,2026-09-30T15:56:03Z,2026020026
2026-09-30T15:57:14+00:00,53b58ae0f99c8172ebee3bd82e7c83a7,2026-10-03T23:10:00Z,PIT,MTL,bovada,h2h,MTL,0.0,1.91,2026-09-30T15:55:19Z,2026020026
2026-09-30T15:57:14+00:00,53b58ae0f99c8172ebee3bd82e7c83a7,2026-10-03T23:10:00Z,PIT,MTL,bovada,h2h,PIT,0.0,1.91,2026-09-30T15:55:19Z,2026020026
2026-09-30T15:57:14+00:00,53b58ae0f99c8172ebee3bd82e7c83a7,2026-10-03T23:10:00Z,PIT,MTL,draftkings,h2h,MTL,0.0,1.91,2026-09-30T15:56:02Z,2026020026
2026-09-30T15:57:14+00:00,53b58ae0f99c8172ebee3bd82e7c83a7,2026-10-03T23:10:00Z,PIT,MTL,draftkings,h2h,PIT,0.0,1.91,2026-09-30T15:56:02Z,2026020026
2026-09-30T15:57:14+00:00,5b5466f836933f5fb3ed4b9f267cce75,2026-10-02T22:40:00Z,DET,NYR,betmgm,h2h,DET,0.0,1.69,2026-09-30T15:56:03Z,2026020017
2026-09-30T15:57:14+00:00,5b5466f836933f5fb3ed4b9f267cce75,2026-10-02T22:40:00Z,DET,NYR,betmgm,h2h,NYR,0.0,2.2,2026-09-30T15:56:03Z,2026020017
2026-09-30T15:57:14+00:00,5b5466f836933f5fb3ed4b9f267cce75,2026-10-02T22:40:00Z,DET,NYR,bovada,h2h,DET,0.0,1.71,2026-09-30T15:55:19Z,2026020017
2026-09-30T15:57:14+00:00,5b5466f836933f5fb3ed4b9f267cce75,2026-10-02T22:40:00Z,DET,NYR,bovada,h2h,NYR,0.0,2.2,2026-09-30T15:55:19Z,2026020017
2026-09-30T15:57:14+00:00,5b5466f836933f5fb3ed4b9f267cce75,2026-10-02T22:40:00Z,DET,NYR,draftkings,h2h,DET,0.0,1.7,2026-09-30T15:56:02Z,2026020017
2026-09-30T15:57:14+00:00,5b5466f836933f5fb3ed4b9f267cce75,2026-10-02T22:40:00Z,DET,NYR,draftkings,h2h,NYR,0.0,2.2,2026-09-30T15:56:02Z,2026020017
2026-09-30T15:57:14+00:00,6b3f5ca8c7e1a314027966d8854d7989,2026-10-02T02:10:00Z,SJS,FLA,betmgm,h2h,FLA,0.0,1.67,2026-09-30T15:56:03Z,2026020016
2026-09-30T15:57:14+00:00,6b3f5ca8c7e1a314027966d8854d7989,2026-10-02T02:10:00Z,SJS,FLA,betmgm,h2h,SJS,0.0,2.25,2026-09-30T15:56:03Z,2026020016
2026-09-30T15:57:14+00:00,6b3f5ca8c7e1a314027966d8854d7989,2026-10-02T02:10:00Z,SJS,FLA,betonlineag,h2h,FLA,0.0,1.69,2026-09-30T15:56:49Z,2026020016
2026-09-30T15:57:14+00:00,6b3f5ca8c7e1a314027966d8854d7989,2026-10-02T02:10:00Z,SJS,FLA,betonlineag,h2h,SJS,0.0,2.28,2026-09-30T15:56:49Z,2026020016
2026-09-30T15:57:14+00:00,6b3f5ca8c7e1a314027966d8854d7989,2026-10-02T02:10:00Z,SJS,FLA,bovada,h2h,FLA,0.0,1.71,2026-09-30T15:55:19Z,2026020016
2026-09-30T15:57:14+00:00,6b3f5ca8c7e1a314027966d8854d7989,2026-10-02T02:10:00Z,SJS,FLA,bovada,h2h,SJS,0.0,2.2,2026-09-30T15:55:19Z,2026020016
2026-09-30T15:57:14+00:00,6b3f5ca8c7e1a314027966d8854d7989,2026-10-02T02:10:00Z,SJS,FLA,draftkings,h2h,FLA,0.0,1.7,2026-09-30T15:56:02Z,2026020016
2026-09-30T15:57:14+00:00,6b3f5ca8c7e1a314027966d8854d7989,2026-10-02T02:10:00Z,SJS,FLA,draftkings,h2h,SJS,0.0,2.2,2026-09-30T15:56:02Z,2026020016
2026-09-30T15:57:14+00:00,6b3f5ca8c7e1a314027966d8854d7989,2026-10-02T02:10:00Z,SJS,FLA,lowvig,h2h,FLA,0.0,1.69,2026-09-30T15:56:03Z,2026020016
2026-09-30T15:57:14+00:00,6b3f5ca8c7e1a314027966d8854d7989,2026-10-02T02:10:00Z,SJS,FLA,lowvig,h2h,SJS,0.0,2.28,2026-09-30T15:56:03Z,2026020016
2026-09-30T15:57:14+00:00,6cac1fc86136075a23655625562fd8dc,2026-10-05T00:10:00Z,ANA,FLA,betmgm,h2h,ANA,0.0,2.1,2026-09-30T15:56:03Z,2026020037
2026-09-30T15:57:14+00:00,6cac1fc86136075a23655625562fd8dc,2026-10-05T00:10:00Z,ANA,FLA,betmgm,h2h,FLA,0.0,1.77,2026-09-30T15:56:03Z,2026020037
2026-09-30T15:57:14+00:00,6cac1fc86136075a23655625562fd8dc,2026-10-05T00:10:00Z,ANA,FLA,draftkings,h2h,ANA,0.0,2.05,2026-09-30T15:56:02Z,2026020037
2026-09-30T15:57:14+00:00,6cac1fc86136075a23655625562fd8dc,2026-10-05T00:10:00Z,ANA,FLA,draftkings,h2h,FLA,0.0,1.8,2026-09-30T15:56:02Z,2026020037
2026-09-30T15:57:14+00:00,797f03124f9bb08624b199c28f621c61,2026-10-03T01:10:00Z,DAL,STL,betmgm,h2h,DAL,0.0,1.48,2026-09-30T15:56:03Z,2026020020
2026-09-30T15:57:14+00:00,797f03124f9bb08624b199c28f621c61,2026-10-03T01:10:00Z,DAL,STL,betmgm,h2h,STL,0.0,2.7,2026-09-30T15:56:03Z,2026020020
2026-09-30T15:57:14+00:00,797f03124f9bb08624b199c28f621c61,2026-10-03T01:10:00Z,DAL,STL,bovada,h2h,DAL,0.0,1.49,2026-09-30T15:55:19Z,2026020020
2026-09-30T15:57:14+00:00,797f03124f9bb08624b199c28f621c61,2026-10-03T01:10:00Z,DAL,STL,bovada,h2h,STL,0.0,2.73,2026-09-30T15:55:19Z,2026020020
2026-09-30T15:57:14+00:00,797f03124f9bb08624b199c28f621c61,2026-10-03T01:10:00Z,DAL,STL,draftkings,h2h,DAL,0.0,1.49,2026-09-30T15:56:02Z,2026020020
2026-09-30T15:57:14+00:00,797f03124f9bb08624b199c28f621c61,2026-10-03T01:10:00Z,DAL,STL,draftkings,h2h,STL,0.0,2.7,2026-09-30T15:56:02Z,2026020020
2026-09-30T15:57:14+00:00,8112572f236320d4d4c99b6eb0989b94,2026-10-07T23:40:00Z,WSH,PIT,draftkings,h2h,PIT,0.0,2.42,2026-09-30T15:56:03Z,2026020053
2026-09-30T15:57:14+00:00,8112572f236320d4d4c99b6eb0989b94,2026-10-07T23:40:00Z,WSH,PIT,draftkings,h2h,WSH,0.0,1.59,2026-09-30T15:56:03Z,2026020053
2026-09-30T15:57:14+00:00,86ec2098c2ac5801e32fbde493581558,2026-09-30T23:40:00Z,TOR,NYI,betmgm,h2h,NYI,0.0,2.1,2026-09-30T15:56:03Z,2026020008
2026-09-30T15:57:14+00:00,86ec2098c2ac5801e32fbde493581558,2026-09-30T23:40:00Z,TOR,NYI,betmgm,h2h,TOR,0.0,1.77,2026-09-30T15:56:03Z,2026020008
2026-09-30T15:57:14+00:00,86ec2098c2ac5801e32fbde493581558,2026-09-30T23:40:00Z,TOR,NYI,betonlineag,h2h,NYI,0.0,2.14,2026-09-30T15:56:49Z,2026020008
2026-09-30T15:57:14+00:00,86ec2098c2ac5801e32fbde493581558,2026-09-30T23:40:00Z,TOR,NYI,betonlineag,h2h,TOR,0.0,1.78,2026-09-30T15:56:49Z,2026020008
2026-09-30T15:57:14+00:00,86ec2098c2ac5801e32fbde493581558,2026-09-30T23:40:00Z,TOR,NYI,betrivers,h2h,NYI,0.0,2.1,2026-09-30T15:56:03Z,2026020008
2026-09-30T15:57:14+00:00,86ec2098c2ac5801e32fbde493581558,2026-09-30T23:40:00Z,TOR,NYI,betrivers,h2h,TOR,0.0,1.75,2026-09-30T15:56:03Z,2026020008
2026-09-30T15:57:14+00:00,86ec2098c2ac5801e32fbde493581558,2026-09-30T23:40:00Z,TOR,NYI,betus,h2h,NYI,0.0,2.1,2026-09-30T15:56:48Z,2026020008
2026-09-30T15:57:14+00:00,86ec2098c2ac5801e32fbde493581558,2026-09-30T23:40:00Z,TOR,NYI,betus,h2h,TOR,0.0,1.77,2026-09-30T15:56:48Z,2026020008
2026-09-30T15:57:14+00:00,86ec2098c2ac5801e32fbde493581558,2026-09-30T23:40:00Z,TOR,NYI,bovada,h2h,NYI,0.0,2.1,2026-09-30T15:55:19Z,2026020008
2026-09-30T15:57:14+00:00,86ec2098c2ac5801e32fbde493581558,2026-09-30T23:40:00Z,TOR,NYI,bovada,h2h,TOR,0.0,1.77,2026-09-30T15:55:19Z,2026020008
2026-09-30T15:57:14+00:00,86ec2098c2ac5801e32fbde493581558,2026-09-30T23:40:00Z,TOR,NYI,draftkings,h2h,NYI,0.0,2.1,2026-09-30T15:56:02Z,2026020008
2026-09-30T15:57:14+00:00,86ec2098c2ac5801e32fbde493581558,2026-09-30T23:40:00Z,TOR,NYI,draftkings,h2h,TOR,0.0,1.77,2026-09-30T15:56:02Z,2026020008
2026-09-30T15:57:14+00:00,86ec2098c2ac5801e32fbde493581558,2026-09-30T23:40:00Z,TOR,NYI,fanduel,h2h,NYI,0.0,2.1,2026-09-30T15:56:48Z,2026020008
2026-09-30T15:57:14+00:00,86ec2098c2ac5801e32fbde493581558,2026-09-30T23:40:00Z,TOR,NYI,fanduel,h2h,TOR,0.0,1.76,2026-09-30T15:56:48Z,2026020008
2026-09-30T15:57:14+00:00,86ec2098c2ac5801e32fbde493581558,2026-09-30T23:40:00Z,TOR,NYI,lowvig,h2h,NYI,0.0,2.14,2026-09-30T15:56:03Z,2026020008
2026-09-30T15:57:14+00:00,86ec2098c2ac5801e32fbde493581558,2026-09-30T23:40:00Z,TOR,NYI,lowvig,h2h,TOR,0.0,1.78,2026-09-30T15:56:03Z,2026020008
2026-09-30T15:57:14+00:00,86ec2098c2ac5801e32fbde493581558,2026-09-30T23:40:00Z,TOR,NYI,mybookieag,h2h,NYI,0.0,2.01,2026-09-30T15:56:02Z,2026020008
2026-09-30T15:57:14+00:00,86ec2098c2ac5801e32fbde493581558,2026-09-30T23:40:00Z,TOR,NYI,mybookieag,h2h,TOR,0.0,1.81,2026-09-30T15:56:02Z,2026020008
2026-09-30T15:57:14+00:00,8d556511643d0c038bff0b7cf4f2b64f,2026-10-03T23:10:00Z,BUF,CHI,betmgm,h2h,BUF,0.0,1.45,2026-09-30T15:56:03Z,2026020022
2026-09-30T15:57:14+00:00,8d556511643d0c038bff0b7cf4f2b64f,2026-10-03T23:10:00Z,BUF,CHI,betmgm,h2h,CHI,0.0,2.8,2026-09-30T15:56:03Z,2026020022
2026-09-30T15:57:14+00:00,8d556511643d0c038bff0b7cf4f2b64f,2026-10-03T23:10:00Z,BUF,CHI,bovada,h2h,BUF,0.0,1.45,2026-09-30T15:55:19Z,2026020022
2026-09-30T15:57:14+00:00,8d556511643d0c038bff0b7cf4f2b64f,2026-10-03T23:10:00Z,BUF,CHI,bovada,h2h,CHI,0.0,2.8,2026-09-30T15:55:19Z,2026020022
2026-09-30T15:57:14+00:00,8d556511643d0c038bff0b7cf4f2b64f,2026-10-03T23:10:00Z,BUF,CHI,draftkings,h2h,BUF,0.0,1.46,2026-09-30T15:56:02Z,2026020022
2026-09-30T15:57:14+00:00,8d556511643d0c038bff0b7cf4f2b64f,2026-10-03T23:10:00Z,BUF,CHI,draftkings,h2h,CHI,0.0,2.8,2026-09-30T15:56:02Z,2026020022
2026-09-30T15:57:14+00:00,9f6db651fe2d7363616cc72625c4972d,2026-10-08T23:10:00Z,OTT,PHI,draftkings,h2h,OTT,0.0,1.89,2026-09-30T15:56:03Z,2026020059
2026-09-30T15:57:14+00:00,9f6db651fe2d7363616cc72625c4972d,2026-10-08T23:10:00Z,OTT,PHI,draftkings,h2h,PHI,0.0,1.93,2026-09-30T15:56:03Z,2026020059
2026-09-30T15:57:14+00:00,adafb8ad64a5e4413184d98e9c06820d,2026-10-01T23:10:00Z,NJD,PHI,betmgm,h2h,NJD,0.0,1.69,2026-09-30T15:56:03Z,2026020009
2026-09-30T15:57:14+00:00,adafb8ad64a5e4413184d98e9c06820d,2026-10-01T23:10:00Z,NJD,PHI,betmgm,h2h,PHI,0.0,2.2,2026-09-30T15:56:03Z,2026020009
2026-09-30T15:57:14+00:00,adafb8ad64a5e4413184d98e9c06820d,2026-10-01T23:10:00Z,NJD,PHI,bovada,h2h,NJD,0.0,1.65,2026-09-30T15:55:19Z,2026020009
2026-09-30T15:57:14+00:00,adafb8ad64a5e4413184d98e9c06820d,2026-10-01T23:10:00Z,NJD,PHI,bovada,h2h,PHI,0.0,2.33,2026-09-30T15:55:19Z,2026020009
2026-09-30T15:57:14+00:00,adafb8ad64a5e4413184d98e9c06820d,2026-10-01T23:10:00Z,NJD,PHI,draftkings,h2h,NJD,0.0,1.7,2026-09-30T15:56:02Z,2026020009
2026-09-30T15:57:14+00:00,adafb8ad64a5e4413184d98e9c06820d,2026-10-01T23:10:00Z,NJD,PHI,draftkings,h2h,PHI,0.0,2.2,2026-09-30T15:56:02Z,2026020009
2026-09-30T15:57:14+00:00,d0da884cccf9d1c73f498109c9ccbfa5,2026-10-01T23:10:00Z,NYR,TBL,betmgm,h2h,NYR,0.0,2.2,2026-09-30T15:56:03Z,2026020010
2026-09-30T15:57:14+00:00,d0da884cccf9d1c73f498109c9ccbfa5,2026-10-01T23:10:00Z,NYR,TBL,betmgm,h2h,TBL,0.0,1.69,2026-09-30T15:56:03Z,2026020010
2026-09-30T15:57:14+00:00,d0da884cccf9d1c73f498109c9ccbfa5,2026-10-01T23:10:00Z,NYR,TBL,betonlineag,h2h,NYR,0.0,2.23,2026-09-30T15:56:49Z,2026020010
2026-09-30T15:57:14+00:00,d0da884cccf9d1c73f498109c9ccbfa5,2026-10-01T23:10:00Z,NYR,TBL,betonlineag,h2h,TBL,0.0,1.71,2026-09-30T15:56:49Z,2026020010
2026-09-30T15:57:14+00:00,d0da884cccf9d1c73f498109c9ccbfa5,2026-10-01T23:10:00Z,NYR,TBL,bovada,h2h,NYR,0.0,2.2,2026-09-30T15:55:19Z,2026020010
2026-09-30T15:57:14+00:00,d0da884cccf9d1c73f498109c9ccbfa5,2026-10-01T23:10:00Z,NYR,TBL,bovada,h2h,TBL,0.0,1.71,2026-09-30T15:55:19Z,2026020010
2026-09-30T15:57:14+00:00,d0da884cccf9d1c73f498109c9ccbfa5,2026-10-01T23:10:00Z,NYR,TBL,draftkings,h2h,NYR,0.0,2.2,2026-09-30T15:56:02Z,2026020010
2026-09-30T15:57:14+00:00,d0da884cccf9d1c73f498109c9ccbfa5,2026-10-01T23:10:00Z,NYR,TBL,draftkings,h2h,TBL,0.0,1.7,2026-09-30T15:56:02Z,2026020010
2026-09-30T15:57:14+00:00,d0da884cccf9d1c73f498109c9ccbfa5,2026-10-01T23:10:00Z,NYR,TBL,lowvig,h2h,NYR,0.0,2.23,2026-09-30T15:56:03Z,2026020010
2026-09-30T15:57:14+00:00,d0da884cccf9d1c73f498109c9ccbfa5,2026-10-01T23:10:00Z,NYR,TBL,lowvig,h2h,TBL,0.0,1.71,2026-09-30T15:56:03Z,2026020010
2026-09-30T15:57:14+00:00,d120fca986fb8752c71db9002a8dd1b7,2026-10-02T01:10:00Z,CGY,SEA,betmgm,h2h,CGY,0.0,1.87,2026-09-30T15:56:03Z,2026020014
2026-09-30T15:57:14+00:00,d120fca986fb8752c71db9002a8dd1b7,2026-10-02T01:10:00Z,CGY,SEA,betmgm,h2h,SEA,0.0,1.95,2026-09-30T15:56:03Z,2026020014
2026-09-30T15:57:14+00:00,d120fca986fb8752c71db9002a8dd1b7,2026-10-02T01:10:00Z,CGY,SEA,bovada,h2h,CGY,0.0,1.87,2026-09-30T15:55:19Z,2026020014
2026-09-30T15:57:14+00:00,d120fca986fb8752c71db9002a8dd1b7,2026-10-02T01:10:00Z,CGY,SEA,bovada,h2h,SEA,0.0,1.95,2026-09-30T15:55:19Z,2026020014
2026-09-30T15:57:14+00:00,d120fca986fb8752c71db9002a8dd1b7,2026-10-02T01:10:00Z,CGY,SEA,draftkings,h2h,CGY,0.0,1.87,2026-09-30T15:56:02Z,2026020014
2026-09-30T15:57:14+00:00,d120fca986fb8752c71db9002a8dd1b7,2026-10-02T01:10:00Z,CGY,SEA,draftkings,h2h,SEA,0.0,1.95,2026-09-30T15:56:02Z,2026020014
2026-09-30T15:57:14+00:00,d7ee30a18a428cc3a3f08a82b0c482d4,2026-10-02T00:10:00Z,NSH,MIN,betmgm,h2h,MIN,0.0,1.69,2026-09-30T15:56:03Z,2026020012
2026-09-30T15:57:14+00:00,d7ee30a18a428cc3a3f08a82b0c482d4,2026-10-02T00:10:00Z,NSH,MIN,betmgm,h2h,NSH,0.0,2.18,2026-09-30T15:56:03Z,2026020012
2026-09-30T15:57:14+00:00,d7ee30a18a428cc3a3f08a82b0c482d4,2026-10-02T00:10:00Z,NSH,MIN,betonlineag,h2h,MIN,0.0,1.74,2026-09-30T15:56:49Z,2026020012
2026-09-30T15:57:14+00:00,d7ee30a18a428cc3a3f08a82b0c482d4,2026-10-02T00:10:00Z,NSH,MIN,betonlineag,h2h,NSH,0.0,2.19,2026-09-30T15:56:49Z,2026020012
2026-09-30T15:57:14+00:00,d7ee30a18a428cc3a3f08a82b0c482d4,2026-10-02T00:10:00Z,NSH,MIN,draftkings,h2h,MIN,0.0,1.7,2026-09-30T15:56:02Z,2026020012
2026-09-30T15:57:14+00:00,d7ee30a18a428cc3a3f08a82b0c482d4,2026-10-02T00:10:00Z,NSH,MIN,draftkings,h2h,NSH,0.0,2.2,2026-09-30T15:56:02Z,2026020012
2026-09-30T15:57:14+00:00,d7ee30a18a428cc3a3f08a82b0c482d4,2026-10-02T00:10:00Z,NSH,MIN,lowvig,h2h,MIN,0.0,1.74,2026-09-30T15:56:03Z,2026020012
2026-09-30T15:57:14+00:00,d7ee30a18a428cc3a3f08a82b0c482d4,2026-10-02T00:10:00Z,NSH,MIN,lowvig,h2h,NSH,0.0,2.19,2026-09-30T15:56:03Z,2026020012
2026-09-30T15:57:14+00:00,d90c875a1c75ed65db6e3dc2f4a1afcc,2026-10-05T00:10:00Z,SEA,CGY,betmgm,h2h,CGY,0.0,2.1,2026-09-30T15:56:03Z,2026020038
2026-09-30T15:57:14+00:00,d90c875a1c75ed65db6e3dc2f4a1afcc,2026-10-05T00:10:00Z,SEA,CGY,betmgm,h2h,SEA,0.0,1.77,2026-09-30T15:56:03Z,2026020038
2026-09-30T15:57:14+00:00,d90c875a1c75ed65db6e3dc2f4a1afcc,2026-10-05T00:10:00Z,SEA,CGY,draftkings,h2h,CGY,0.0,2.14,2026-09-30T15:56:02Z,2026020038
2026-09-30T15:57:14+00:00,d90c875a1c75ed65db6e3dc2f4a1afcc,2026-10-05T00:10:00Z,SEA,CGY,draftkings,h2h,SEA,0.0,1.74,2026-09-30T15:56:02Z,2026020038
2026-09-30T15:57:14+00:00,e77f5de1229c03c1338f5cf3eb6797ba,2026-10-07T00:10:00Z,CHI,STL,draftkings,h2h,CHI,0.0,1.95,2026-09-30T15:56:03Z,2026020050
2026-09-30T15:57:14+00:00,e77f5de1229c03c1338f5cf3eb6797ba,2026-10-07T00:10:00Z,CHI,STL,draftkings,h2h,STL,0.0,1.87,2026-09-30T15:56:03Z,2026020050
2026-09-30T15:57:14+00:00,f5a9759e52a784d5fdcc1f3a2fcfc5a2,2026-10-03T00:10:00Z,WPG,BOS,betmgm,h2h,BOS,0.0,1.91,2026-09-30T15:56:03Z,2026020019
2026-09-30T15:57:14+00:00,f5a9759e52a784d5fdcc1f3a2fcfc5a2,2026-10-03T00:10:00Z,WPG,BOS,betmgm,h2h,WPG,0.0,1.91,2026-09-30T15:56:03Z,2026020019
2026-09-30T15:57:14+00:00,f5a9759e52a784d5fdcc1f3a2fcfc5a2,2026-10-03T00:10:00Z,WPG,BOS,bovada,h2h,BOS,0.0,1.91,2026-09-30T15:55:19Z,2026020019
2026-09-30T15:57:14+00:00,f5a9759e52a784d5fdcc1f3a2fcfc5a2,2026-10-03T00:10:00Z,WPG,BOS,bovada,h2h,WPG,0.0,1.91,2026-09-30T15:55:19Z,2026020019
2026-09-30T15:57:14+00:00,f5a9759e52a784d5fdcc1f3a2fcfc5a2,2026-10-03T00:10:00Z,WPG,BOS,draftkings,h2h,BOS,0.0,1.89,2026-09-30T15:56:02Z,2026020019
2026-09-30T15:57:14+00:00,f5a9759e52a784d5fdcc1f3a2fcfc5a2,2026-10-03T00:10:00Z,WPG,BOS,draftkings,h2h,WPG,0.0,1.93,2026-09-30T15:56:02Z,2026020019
2026-09-30T15:57:14+00:00,fd5a73a467bdf52881aac58d5fb71b58,2026-10-02T02:10:00Z,VAN,EDM,betmgm,h2h,EDM,0.0,1.5,2026-09-30T15:56:03Z,2026020015
2026-09-30T15:57:14+00:00,fd5a73a467bdf52881aac58d5fb71b58,2026-10-02T02:10:00Z,VAN,EDM,betmgm,h2h,VAN,0.0,2.65,2026-09-30T15:56:03Z,2026020015
2026-09-30T15:57:14+00:00,fd5a73a467bdf52881aac58d5fb71b58,2026-10-02T02:10:00Z,VAN,EDM,betonlineag,h2h,EDM,0.0,1.53,2026-09-30T15:56:49Z,2026020015
2026-09-30T15:57:14+00:00,fd5a73a467bdf52881aac58d5fb71b58,2026-10-02T02:10:00Z,VAN,EDM,betonlineag,h2h,VAN,0.0,2.66,2026-09-30T15:56:49Z,2026020015
2026-09-30T15:57:14+00:00,fd5a73a467bdf52881aac58d5fb71b58,2026-10-02T02:10:00Z,VAN,EDM,bovada,h2h,EDM,0.0,1.51,2026-09-30T15:55:19Z,2026020015
2026-09-30T15:57:14+00:00,fd5a73a467bdf52881aac58d5fb71b58,2026-10-02T02:10:00Z,VAN,EDM,bovada,h2h,VAN,0.0,2.68,2026-09-30T15:55:19Z,2026020015
2026-09-30T15:57:14+00:00,fd5a73a467bdf52881aac58d5fb71b58,2026-10-02T02:10:00Z,VAN,EDM,draftkings,h2h,EDM,0.0,1.51,2026-09-30T15:56:02Z,2026020015
2026-09-30T15:57:14+00:00,fd5a73a467bdf52881aac58d5fb71b58,2026-10-02T02:10:00Z,VAN,EDM,draftkings,h2h,VAN,0.0,2.64,2026-09-30T15:56:02Z,2026020015
2026-09-30T15:57:14+00:00,fd5a73a467bdf52881aac58d5fb71b58,2026-10-02T02:10:00Z,VAN,EDM,lowvig,h2h,EDM,0.0,1.53,2026-09-30T15:56:03Z,2026020015
2026-09-30T15:57:14+00:00,fd5a73a467bdf52881aac58d5fb71b58,2026-10-02T02:10:00Z,VAN,EDM,lowvig,h2h,VAN,0.0,2.66,2026-09-30T15:56:03Z,2026020015
