feature,perm_mean,perm_std,folds_positive,univariate_auc_edge,group,shap_mean_abs,shap_direction
d_elo,0.020684154123726702,0.0050977153393928455,1.0,0.12928097090495583,strength,0.2652572872785318,1.0
d_xg_share,0.0016674346959565471,0.0013740459171618412,0.8333333333333334,0.11370915063460851,advanced,0.07075272178246353,1.0
d_cf_pct,0.0014260782101656437,0.0019892650967146893,0.6666666666666666,0.10707349106086672,advanced,0.06953683455539615,1.0
h_b2b,0.000724944114425472,0.0007602830933665194,0.8333333333333334,0.014477499477870526,rest_schedule,0.016613309209209743,-1.0
d_xga_pg,0.0006833490082139663,0.000619913014562529,0.8333333333333334,0.09342798724229917,advanced,0.0507519228522543,-1.0
d_xgf_pg,0.0004876066218148997,0.0014565092014804406,0.5,0.09502382690126954,advanced,0.04146324814434453,1.0
h_early_w,0.00041221418842844515,0.0003489882103914889,1.0,0.0026756877240821653,situational_team,0.013689400918228421,-1.0
d_gf_season_shrunk,0.0003282906853196039,0.0008118337307775201,0.5,0.10172630658278492,strength,0.030612955584410607,1.0
d_g_sv_l5,0.0002686308105629513,0.0005852886122745649,0.8333333333333334,0.018938615547783977,goaltending,0.017147745309557344,-1.0
d_pp_pct,0.00023714795120508234,0.0015157515909763714,0.5,0.06029156530550295,special_teams,0.03804564457669426,1.0
h_stakes,0.0001942904817668345,0.0003858700715254099,0.6666666666666666,0.014151041097038242,situational_team,0.008254389139921516,1.0
d_pen_drawn_pg,0.0001633305399314199,0.00041671280162149056,0.6666666666666666,0.03689414164306681,special_teams,0.018120035138824566,1.0
d_games_last_7d,0.00013043839780563227,0.0001638020589272119,0.6666666666666666,0.013134359787733751,rest_schedule,0.005718342401085702,-1.0
d_ga_season_shrunk,0.00011972218605207456,0.00038834782715843413,0.6666666666666666,0.10149128950040487,strength,0.022897285674643976,-1.0
a_b2b,9.375620639366412e-05,0.00015338648700468271,0.6666666666666666,0.012061738842396252,rest_schedule,0.009788495940752706,1.0
a_tz_shift,8.705031736741069e-05,0.0001379281941769653,0.5,0.013950741109952203,rest_schedule,0.0051569182755515485,1.0
d_win_pct_l10,7.034875406567813e-05,0.0005135330542552426,0.5,0.0745937602264708,strength,0.012792086100850166,-1.0
h_homestand_n,5.695707719408777e-05,5.627482708124724e-05,1.0,0.005667634456367976,rest_schedule,0.001875342235150431,1.0
d_st_net,4.675375888351976e-05,0.0005777117832700141,0.3333333333333333,0.06687337115731129,special_teams,0.0171095690865016,1.0
d_pen_taken_pg,2.9497896706580373e-05,0.00022001969960610412,0.5,0.014328906071758185,special_teams,0.02104527265953835,1.0
d_g_sv_season,9.169474081536603e-06,0.00048664363323404596,0.6666666666666666,0.04719927769081855,goaltending,0.009022337280936071,1.0
a_adv_n,0.0,0.0,0.0,0.001667558196443375,advanced,0.0001585664290639566,-1.0
a_stakes,0.0,0.0,0.0,0.0019602409625320005,situational_team,0.0,0.0
h_g3in4,-6.70809382042938e-06,1.643140700676899e-05,0.0,0.006333888859162584,rest_schedule,9.61581585736785e-05,1.0
h_tz_shift,-1.708433892531197e-05,0.00027388481196116026,0.8333333333333334,0.006901640859377167,rest_schedule,0.003870836638867887,1.0
d_g_gsax100_l10,-2.1276669547089695e-05,0.0006611752852040617,0.5,0.03512417646107924,goaltending,0.02390119880922135,1.0
is_rivalry,-2.2048377132248092e-05,5.658690580172519e-05,0.16666666666666666,0.004421192664422868,situational,0.0009348495115309322,-1.0
d_travel_km,-3.533225372678167e-05,0.0003690409873699665,0.5,0.00117139794641119,rest_schedule,0.00815326313115952,1.0
a_g4in6,-3.5501282736033944e-05,0.0002790129616881265,0.3333333333333333,0.010190585476940628,rest_schedule,0.010020775838986052,1.0
h_g_p_primary,-5.9142535656131014e-05,0.00022822409387239208,0.3333333333333333,0.0065416884281477294,goaltending,0.03822647720247647,1.0
d_g_rest,-6.422014740645188e-05,0.0004733523871490365,0.5,0.003881623303145121,goaltending,0.014003398362864636,-1.0
d_pdo_dev,-7.247751232012979e-05,0.0003487123471512297,0.3333333333333333,0.04647948416614378,advanced,0.01704834647138251,-1.0
d_sv_pct_team,-8.032232996102913e-05,0.00069924476409032,0.3333333333333333,0.03962855570030255,advanced,0.018942294425567524,-1.0
a_g_p_primary,-0.00010633928488843851,0.00014391199777068016,0.16666666666666666,0.006025209365684736,goaltending,0.029864511124055266,-1.0
h_g4in6,-0.00012344108947947435,0.0002039638492286098,0.16666666666666666,0.0009273975704466864,rest_schedule,0.008590442022580792,1.0
d_pk_pct,-0.00012963320939027764,0.00038689394855721864,0.3333333333333333,0.04113357594300382,special_teams,0.01182289604159748,-1.0
d_gd_venue,-0.00014383449690009756,0.0002565576793257308,0.3333333333333333,0.10382008087004102,strength,0.010538638485003611,1.0
a_road_trip_n,-0.00016085290641989816,0.00011436989417529517,0.0,0.0062899923285025805,rest_schedule,0.006079397642858124,1.0
d_sh_pct,-0.00017736656912662138,0.0002722066950991016,0.0,0.03077978861786268,advanced,0.008553745721796893,-1.0
d_gd_ewm,-0.00020220297275657986,0.0003562382314896678,0.16666666666666666,0.10324400408467427,strength,0.009975928904277422,1.0
a_g3in4,-0.0002035473030392703,0.0006075564752497759,0.5,0.009149504130039787,rest_schedule,0.014970284959564241,1.0
d_pen_diff_pg,-0.0002341131010500768,0.0002677596528484221,0.16666666666666666,0.026765031830653485,special_teams,0.010135168612938615,-1.0
d_rest_days,-0.00029853861694207245,0.0005408113684963675,0.5,0.020008070057450755,rest_schedule,0.007549585188918793,1.0
d_sos10,-0.00036934875914995435,0.0006156151501054973,0.3333333333333333,0.007273953105101483,strength,0.022676708584049195,1.0
