run_id,run_at,game_id,strategy,game_date,player_id,name,side,label,point,book,decimal,stake,p_model,p_market,edge,ev,lam,market
2026-10-06-late-2003,2026-10-06T20:03:03+00:00,2026020045,sog_edge,2026-10-06,8483457,L. Hutson,under,L. Hutson Under 1.5,1.5,,1.8,30.0,0.6308849662531868,0.5159976730657313,0.1148872931874555,0.13559293925573623,1.3039232775674718,
2026-10-06-late-2003,2026-10-06T20:03:03+00:00,2026020045,sog_over_control,2026-10-06,8477940,N. Ehlers,over,N. Ehlers Over 2.5,2.5,,1.95,10.0,0.4212271631313196,0.4860818819488637,-0.06485471881754412,-0.17860703189392685,2.401416137151255,
2026-10-06-late-2003,2026-10-06T20:03:03+00:00,2026020045,sog_over_control,2026-10-06,8478427,S. Aho,over,S. Aho Over 2.5,2.5,,1.87,10.0,0.5315629641940262,0.5108250060894849,0.020737958104541265,-0.005977256957171051,2.895906934639752,
2026-10-06-late-2003,2026-10-06T20:03:03+00:00,2026020046,sog_edge,2026-10-06,8477998,W. Foegele,under,W. Foegele Under 1.5,1.5,,2.0,30.0,0.6947982220493475,0.47213399343378615,0.22266422861556134,0.389596444098695,1.1170158126526348,
2026-10-06-late-2003,2026-10-06T20:03:03+00:00,2026020046,sog_edge,2026-10-06,8478042,V. Arvidsson,under,V. Arvidsson Under 2.5,2.5,,2.14,30.0,0.6724380845991837,0.4458950941596066,0.22654299043957715,0.43901750104225334,2.01887205334569,
2026-10-06-late-2003,2026-10-06T20:03:03+00:00,2026020046,sog_edge,2026-10-06,8480188,F. Zetterlund,under,F. Zetterlund Under 1.5,1.5,,1.95,30.0,0.6058840618878081,0.49229271804987496,0.11359134383793312,0.1814739206812257,1.3796024984098456,
2026-10-06-late-2003,2026-10-06T20:03:03+00:00,2026020046,sog_edge,2026-10-06,8480208,D. Batherson,under,D. Batherson Under 2.5,2.5,,1.59,30.0,0.7392629546943748,0.6066892315174983,0.13257372317687643,0.1754280979640559,1.7536612919086176,
2026-10-06-late-2003,2026-10-06T20:03:03+00:00,2026020046,sog_edge,2026-10-06,8484471,E. Finnie,under,E. Finnie Under 1.5,1.5,,1.83,30.0,0.6296908937367238,0.5,0.12969089373672382,0.15233433553820463,1.307499439029438,
2026-10-06-late-2003,2026-10-06T20:03:03+00:00,2026020046,sog_over_control,2026-10-06,8478042,V. Arvidsson,over,V. Arvidsson Over 2.5,2.5,,1.74,10.0,0.32756191540081625,0.5541049058403934,-0.22654299043957715,-0.43004226720257976,2.01887205334569,
2026-10-06-late-2003,2026-10-06T20:03:03+00:00,2026020049,sog_edge,2026-10-06,8478864,K. Kaprizov,under,K. Kaprizov Under 3.5,3.5,,1.74,30.0,0.6689183864909795,0.5508612215884178,0.11805716490256168,0.16391799249430422,2.8966699156071734,
2026-10-06-late-2003,2026-10-06T20:03:03+00:00,2026020049,sog_edge,2026-10-06,8485702,M. Shabanov,under,M. Shabanov Under 1.5,1.5,,1.8,30.0,0.7108482725543954,0.54037188184288,0.17047639071151544,0.2795268905979118,1.071158438351034,
2026-10-06-late-2003,2026-10-06T20:03:03+00:00,2026020049,sog_over_control,2026-10-06,8476399,B. Coleman,over,B. Coleman Over 2.5,2.5,,2.38,10.0,0.40810588704447337,0.4047015552668608,0.003404331777612568,-0.028707988834153375,2.3463743419036063,
2026-10-06-late-2003,2026-10-06T20:03:03+00:00,2026020049,sog_over_control,2026-10-06,8478493,J. Eriksson Ek,over,J. Eriksson Ek Over 2.5,2.5,,1.96,10.0,0.41549969367442874,0.4966217784956236,-0.08112208482119487,-0.18562060039811967,2.377315742011831,
2026-10-06-late-2003,2026-10-06T20:03:03+00:00,2026020049,sog_over_control,2026-10-06,8478864,K. Kaprizov,over,K. Kaprizov Over 3.5,3.5,,2.1,10.0,0.33108161350902054,0.44913877841158223,-0.11805716490256168,-0.3047286116310568,2.8966699156071734,
2026-10-06-late-2003,2026-10-06T20:03:03+00:00,2026020049,sog_over_control,2026-10-06,8479420,T. Thompson,over,T. Thompson Over 3.5,3.5,,2.25,10.0,0.35592722490617335,0.4258051160993128,-0.06987789119313947,-0.19916374396110997,3.020037220540634,
2026-10-06-late-2003,2026-10-06T20:03:03+00:00,2026020049,sog_over_control,2026-10-06,8481557,M. Boldy,over,M. Boldy Over 3.5,3.5,,2.2,10.0,0.3532989100390638,0.4236194454913558,-0.070320535452292,-0.22274239791405964,3.006945145602295,
