run_id,run_at,game_id,strategy,game_date,action,side,team,book,decimal,stake,p_model,p_adj,p_market,edge,ev,market,point,label
2026-10-03-late-2003,2026-10-03T20:03:32+00:00,2026020022,always_over,2026-10-03,BET,over,Over 6.5,,2.0,10.0,0.446538092115911,0.446538092115911,0.48842159536796775,-0.04188350325205675,-0.106923815768178,totals,6.5,Over 6.5
2026-10-03-late-2003,2026-10-03T20:03:32+00:00,2026020022,edge_1pct,2026-10-03,NO_BET,,,,,0.0,,,,,,,,
2026-10-03-late-2003,2026-10-03T20:03:32+00:00,2026020022,every_game,2026-10-03,BET,home,BUF,,1.44,26.0,0.7140538656101748,0.6936091545383948,0.6809121979114349,0.03314166769873994,0.028237566478651666,,,
2026-10-03-late-2003,2026-10-03T20:03:32+00:00,2026020022,every_puckline,2026-10-03,BET,away,CHI +1.5,,1.83,13.0,0.579936558239167,0.579936558239167,0.5394176663307175,0.040518891908449484,0.06128390157767566,spreads,1.5,CHI +1.5
2026-10-03-late-2003,2026-10-03T20:03:32+00:00,2026020022,every_total,2026-10-03,BET,under,Under 6.5,,1.91,10.0,0.553461907884089,0.553461907884089,0.5115784046320322,0.04188350325205681,0.05711224405860993,totals,6.5,Under 6.5
2026-10-03-late-2003,2026-10-03T20:03:32+00:00,2026020022,flat_model_side,2026-10-03,BET,home,BUF,,1.44,13.0,0.7140538656101748,0.6936091545383948,0.6809121979114349,0.03314166769873994,0.028237566478651666,,,
2026-10-03-late-2003,2026-10-03T20:03:32+00:00,2026020022,market_favorite,2026-10-03,BET,home,BUF,,1.44,10.0,0.7140538656101748,0.6936091545383948,0.6809121979114349,0.03314166769873994,0.028237566478651666,,,
2026-10-03-late-2003,2026-10-03T20:03:32+00:00,2026020022,no_guard,2026-10-03,NO_BET,,,,,0.0,,,,,,,,
2026-10-03-late-2003,2026-10-03T20:03:32+00:00,2026020022,no_shrink,2026-10-03,NO_BET,,,,,0.0,,,,,,,,
2026-10-03-late-2003,2026-10-03T20:03:32+00:00,2026020022,puckline_edge,2026-10-03,BET,away,CHI +1.5,,1.83,15.0,0.579936558239167,0.579936558239167,0.5394176663307175,0.040518891908449484,0.06128390157767566,spreads,1.5,CHI +1.5
2026-10-03-late-2003,2026-10-03T20:03:32+00:00,2026020022,totals_edge,2026-10-03,BET,under,Under 6.5,,1.91,15.0,0.553461907884089,0.553461907884089,0.5115784046320322,0.04188350325205681,0.05711224405860993,totals,6.5,Under 6.5
2026-10-03-late-2003,2026-10-03T20:03:32+00:00,2026020023,always_over,2026-10-03,BET,over,Over 6,,1.86,10.0,0.5111400215258642,0.5111400215258642,0.5201282310508247,-0.008988209524960489,-0.04305147594762232,totals,6.0,Over 6
2026-10-03-late-2003,2026-10-03T20:03:32+00:00,2026020023,edge_1pct,2026-10-03,NO_BET,,,,,0.0,,,,,,,,
2026-10-03-late-2003,2026-10-03T20:03:32+00:00,2026020023,every_game,2026-10-03,BET,away,OTT,,2.04,14.0,0.5905633655384671,0.5032245891052214,0.4900229687851686,0.10054039675329851,0.20474926569847296,,,
2026-10-03-late-2003,2026-10-03T20:03:32+00:00,2026020023,every_puckline,2026-10-03,BET,away,OTT +1.5,,1.4,30.0,0.7976531618565421,0.7976531618565421,0.7044261959813095,0.0932269658752326,0.11671442659915887,spreads,1.5,OTT +1.5
2026-10-03-late-2003,2026-10-03T20:03:32+00:00,2026020023,every_total,2026-10-03,BET,over,Over 6,,1.86,6.0,0.5111400215258642,0.5111400215258642,0.5201282310508247,-0.008988209524960489,-0.04305147594762232,totals,6.0,Over 6
2026-10-03-late-2003,2026-10-03T20:03:32+00:00,2026020023,flat_model_side,2026-10-03,BET,away,OTT,,2.04,30.0,0.5905633655384671,0.5032245891052214,0.4900229687851686,0.10054039675329851,0.20474926569847296,,,
2026-10-03-late-2003,2026-10-03T20:03:32+00:00,2026020023,market_favorite,2026-10-03,BET,home,TOR,,1.91,10.0,0.4094366344615329,0.49677541089477867,0.5099770312148314,-0.10054039675329851,-0.21797602817847223,,,
2026-10-03-late-2003,2026-10-03T20:03:32+00:00,2026020023,no_guard,2026-10-03,BET,away,OTT,,2.04,6.39,0.5905633655384671,0.5032245891052214,0.4900229687851686,0.10054039675329851,0.026578161774651665,,,
2026-10-03-late-2003,2026-10-03T20:03:32+00:00,2026020023,no_shrink,2026-10-03,NO_BET,,,,,0.0,,,,,,,,
2026-10-03-late-2003,2026-10-03T20:03:32+00:00,2026020023,puckline_edge,2026-10-03,BET,away,OTT +1.5,,1.4,28.0,0.7976531618565421,0.7976531618565421,0.7044261959813095,0.0932269658752326,0.11671442659915887,spreads,1.5,OTT +1.5
2026-10-03-late-2003,2026-10-03T20:03:32+00:00,2026020023,totals_edge,2026-10-03,NO_BET,,,,,0.0,,,,,,,,
2026-10-03-late-2003,2026-10-03T20:03:32+00:00,2026020024,always_over,2026-10-03,BET,over,Over 6.5,,2.05,10.0,0.45095652161956395,0.45095652161956395,0.4757864010481675,-0.02482987942860354,-0.07553913067989404,totals,6.5,Over 6.5
2026-10-03-late-2003,2026-10-03T20:03:32+00:00,2026020024,edge_1pct,2026-10-03,NO_BET,,,,,0.0,,,,,,,,
2026-10-03-late-2003,2026-10-03T20:03:32+00:00,2026020024,every_game,2026-10-03,BET,home,TBL,,1.51,21.0,0.6558653855400989,0.6517015806470285,0.6476869563056139,0.008178429234484974,-0.009643267834450686,,,
2026-10-03-late-2003,2026-10-03T20:03:32+00:00,2026020024,every_puckline,2026-10-03,BET,away,WSH +1.5,,1.71,21.0,0.6602348670357436,0.6602348670357436,0.5814005573527188,0.07883430968302485,0.12900162263112158,spreads,1.5,WSH +1.5
2026-10-03-late-2003,2026-10-03T20:03:32+00:00,2026020024,every_total,2026-10-03,BET,under,Under 6.5,,1.87,10.0,0.5490434783804361,0.5490434783804361,0.5242135989518325,0.024829879428603596,0.026711304571415573,totals,6.5,Under 6.5
2026-10-03-late-2003,2026-10-03T20:03:32+00:00,2026020024,flat_model_side,2026-10-03,BET,home,TBL,,1.51,7.0,0.6558653855400989,0.6517015806470285,0.6476869563056139,0.008178429234484974,-0.009643267834450686,,,
2026-10-03-late-2003,2026-10-03T20:03:32+00:00,2026020024,market_favorite,2026-10-03,BET,home,TBL,,1.51,10.0,0.6558653855400989,0.6517015806470285,0.6476869563056139,0.008178429234484974,-0.009643267834450686,,,
2026-10-03-late-2003,2026-10-03T20:03:32+00:00,2026020024,no_guard,2026-10-03,NO_BET,,,,,0.0,,,,,,,,
2026-10-03-late-2003,2026-10-03T20:03:32+00:00,2026020024,no_shrink,2026-10-03,NO_BET,,,,,0.0,,,,,,,,
2026-10-03-late-2003,2026-10-03T20:03:32+00:00,2026020024,puckline_edge,2026-10-03,BET,away,WSH +1.5,,1.71,25.0,0.6602348670357436,0.6602348670357436,0.5814005573527188,0.07883430968302485,0.12900162263112158,spreads,1.5,WSH +1.5
2026-10-03-late-2003,2026-10-03T20:03:32+00:00,2026020024,totals_edge,2026-10-03,NO_BET,,,,,0.0,,,,,,,,
2026-10-03-late-2003,2026-10-03T20:03:32+00:00,2026020025,always_over,2026-10-03,BET,over,Over 6,,1.99,10.0,0.5187330728155009,0.5187330728155009,0.48343463967767586,0.03529843313782499,0.028199270997525838,totals,6.0,Over 6
2026-10-03-late-2003,2026-10-03T20:03:32+00:00,2026020025,edge_1pct,2026-10-03,NO_BET,,,,,0.0,,,,,,,,
2026-10-03-late-2003,2026-10-03T20:03:32+00:00,2026020025,every_game,2026-10-03,BET,away,CAR,,1.78,11.0,0.5645076373465796,0.5555012699650352,0.54771478480943,0.016792852537149572,0.004823594476911719,,,
2026-10-03-late-2003,2026-10-03T20:03:32+00:00,2026020025,every_puckline,2026-10-03,BET,home,PHI +1.5,,1.45,17.0,0.618929935248686,0.618929935248686,0.6775244069859262,-0.058594471737240195,-0.10255159388940532,spreads,1.5,PHI +1.5
2026-10-03-late-2003,2026-10-03T20:03:32+00:00,2026020025,every_total,2026-10-03,BET,over,Over 6,,1.99,7.0,0.5187330728155009,0.5187330728155009,0.48343463967767586,0.03529843313782499,0.028199270997525838,totals,6.0,Over 6
2026-10-03-late-2003,2026-10-03T20:03:32+00:00,2026020025,flat_model_side,2026-10-03,BET,away,CAR,,1.78,9.0,0.5645076373465796,0.5555012699650352,0.54771478480943,0.016792852537149572,0.004823594476911719,,,
2026-10-03-late-2003,2026-10-03T20:03:32+00:00,2026020025,market_favorite,2026-10-03,BET,away,CAR,,1.78,10.0,0.5645076373465796,0.5555012699650352,0.54771478480943,0.016792852537149572,0.004823594476911719,,,
2026-10-03-late-2003,2026-10-03T20:03:32+00:00,2026020025,no_guard,2026-10-03,NO_BET,,,,,0.0,,,,,,,,
2026-10-03-late-2003,2026-10-03T20:03:32+00:00,2026020025,no_shrink,2026-10-03,NO_BET,,,,,0.0,,,,,,,,
2026-10-03-late-2003,2026-10-03T20:03:32+00:00,2026020025,puckline_edge,2026-10-03,BET,away,CAR -1.5,,3.0,20.0,0.381070064751314,0.381070064751314,0.3224755930140738,0.058594471737240195,0.143210194253942,spreads,-1.5,CAR -1.5
2026-10-03-late-2003,2026-10-03T20:03:32+00:00,2026020025,totals_edge,2026-10-03,BET,over,Over 6,,1.99,14.0,0.5187330728155009,0.5187330728155009,0.48343463967767586,0.03529843313782499,0.028199270997525838,totals,6.0,Over 6
2026-10-03-late-2003,2026-10-03T20:03:32+00:00,2026020026,always_over,2026-10-03,BET,over,Over 6.5,,1.98,10.0,0.4507670273648314,0.4507670273648314,0.49236488647812987,-0.041597859113298497,-0.10748128581763383,totals,6.5,Over 6.5
2026-10-03-late-2003,2026-10-03T20:03:32+00:00,2026020026,edge_1pct,2026-10-03,NO_BET,,,,,0.0,,,,,,,,
2026-10-03-late-2003,2026-10-03T20:03:32+00:00,2026020026,every_game,2026-10-03,BET,home,PIT,,1.98,14.0,0.5859999305039362,0.5020327982419774,0.48863394767307994,0.09736598283085623,0.16027986239779357,,,
2026-10-03-late-2003,2026-10-03T20:03:32+00:00,2026020026,every_puckline,2026-10-03,BET,home,PIT +1.5,,1.4,30.0,0.7560678917437932,0.7560678917437932,0.6961905719433831,0.05987731980041011,0.05849504844131037,spreads,1.5,PIT +1.5
2026-10-03-late-2003,2026-10-03T20:03:32+00:00,2026020026,every_total,2026-10-03,BET,under,Under 6.5,,1.92,10.0,0.5492329726351686,0.5492329726351686,0.5076351135218702,0.041597859113298385,0.05452730745952361,totals,6.5,Under 6.5
2026-10-03-late-2003,2026-10-03T20:03:32+00:00,2026020026,flat_model_side,2026-10-03,BET,home,PIT,,1.98,29.0,0.5859999305039362,0.5020327982419774,0.48863394767307994,0.09736598283085623,0.16027986239779357,,,
2026-10-03-late-2003,2026-10-03T20:03:32+00:00,2026020026,market_favorite,2026-10-03,BET,away,MTL,,1.91,10.0,0.4140000694960638,0.49796720175802256,0.5113660523269201,-0.09736598283085629,-0.2092598672625181,,,
2026-10-03-late-2003,2026-10-03T20:03:32+00:00,2026020026,no_guard,2026-10-03,NO_BET,,,,,0.0,,,,,,,,
2026-10-03-late-2003,2026-10-03T20:03:32+00:00,2026020026,no_shrink,2026-10-03,NO_BET,,,,,0.0,,,,,,,,
2026-10-03-late-2003,2026-10-03T20:03:32+00:00,2026020026,puckline_edge,2026-10-03,BET,home,PIT +1.5,,1.4,20.0,0.7560678917437932,0.7560678917437932,0.6961905719433831,0.05987731980041011,0.05849504844131037,spreads,1.5,PIT +1.5
2026-10-03-late-2003,2026-10-03T20:03:32+00:00,2026020026,totals_edge,2026-10-03,BET,under,Under 6.5,,1.92,15.0,0.5492329726351686,0.5492329726351686,0.5076351135218702,0.041597859113298385,0.05452730745952361,totals,6.5,Under 6.5
2026-10-03-late-2003,2026-10-03T20:03:32+00:00,2026020027,always_over,2026-10-03,BET,over,Over 6,,1.9,10.0,0.5078541350297985,0.5078541350297985,0.5097644564410407,-0.001910321411242255,-0.030693998598087968,totals,6.0,Over 6
2026-10-03-late-2003,2026-10-03T20:03:32+00:00,2026020027,edge_1pct,2026-10-03,NO_BET,,,,,0.0,,,,,,,,
2026-10-03-late-2003,2026-10-03T20:03:32+00:00,2026020027,every_game,2026-10-03,BET,home,CBJ,,2.02,7.0,0.521756746091815,0.49755962209128785,0.4840430349622211,0.037713711129593874,0.05394862710546633,,,
2026-10-03-late-2003,2026-10-03T20:03:32+00:00,2026020027,every_puckline,2026-10-03,BET,home,CBJ +1.5,,1.43,26.0,0.7078890061676648,0.7078890061676648,0.7052232496349742,0.002665756532690633,0.012281278819760655,spreads,1.5,CBJ +1.5
2026-10-03-late-2003,2026-10-03T20:03:32+00:00,2026020027,every_total,2026-10-03,BET,over,Over 6,,1.9,6.0,0.5078541350297985,0.5078541350297985,0.5097644564410407,-0.001910321411242255,-0.030693998598087968,totals,6.0,Over 6
2026-10-03-late-2003,2026-10-03T20:03:32+00:00,2026020027,flat_model_side,2026-10-03,BET,home,CBJ,,2.02,14.0,0.521756746091815,0.49755962209128785,0.4840430349622211,0.037713711129593874,0.05394862710546633,,,
2026-10-03-late-2003,2026-10-03T20:03:32+00:00,2026020027,market_favorite,2026-10-03,BET,away,UTA,,1.89,10.0,0.478243253908185,0.5024403779087121,0.5159569650377789,-0.037713711129593874,-0.09612025011353037,,,
2026-10-03-late-2003,2026-10-03T20:03:32+00:00,2026020027,no_guard,2026-10-03,NO_BET,,,,,0.0,,,,,,,,
2026-10-03-late-2003,2026-10-03T20:03:32+00:00,2026020027,no_shrink,2026-10-03,NO_BET,,,,,0.0,,,,,,,,
2026-10-03-late-2003,2026-10-03T20:03:32+00:00,2026020027,puckline_edge,2026-10-03,NO_BET,,,,,0.0,,,,,,,,
2026-10-03-late-2003,2026-10-03T20:03:32+00:00,2026020027,totals_edge,2026-10-03,NO_BET,,,,,0.0,,,,,,,,
2026-10-03-late-2003,2026-10-03T20:03:32+00:00,2026020028,always_over,2026-10-03,BET,over,Over 6.5,,1.93,10.0,0.44231961601608,0.44231961601608,0.5129293317121699,-0.07060971569608993,-0.1463231410889656,totals,6.5,Over 6.5
2026-10-03-late-2003,2026-10-03T20:03:32+00:00,2026020028,edge_1pct,2026-10-03,NO_BET,,,,,0.0,,,,,,,,
2026-10-03-late-2003,2026-10-03T20:03:32+00:00,2026020028,every_game,2026-10-03,BET,home,EDM,,1.5,14.0,0.5896112172367178,0.6344285003868458,0.649428430568292,-0.05981721333157419,-0.11558317414492325,,,
2026-10-03-late-2003,2026-10-03T20:03:32+00:00,2026020028,every_puckline,2026-10-03,BET,away,SEA +1.5,,1.74,21.0,0.6612033792684053,0.6612033792684053,0.5700110309339952,0.09119234833441014,0.1504938799270253,spreads,1.5,SEA +1.5
2026-10-03-late-2003,2026-10-03T20:03:32+00:00,2026020028,every_total,2026-10-03,BET,under,Under 6.5,,2.0,11.0,0.55768038398392,0.55768038398392,0.4870706682878301,0.07060971569608987,0.1153607679678399,totals,6.5,Under 6.5
2026-10-03-late-2003,2026-10-03T20:03:32+00:00,2026020028,flat_model_side,2026-10-03,BET,away,SEA,,2.75,20.0,0.41038878276328217,0.3655714996131541,0.350571569431708,0.05981721333157419,0.12856915259902602,,,
2026-10-03-late-2003,2026-10-03T20:03:32+00:00,2026020028,market_favorite,2026-10-03,BET,home,EDM,,1.5,10.0,0.5896112172367178,0.6344285003868458,0.649428430568292,-0.05981721333157419,-0.11558317414492325,,,
2026-10-03-late-2003,2026-10-03T20:03:32+00:00,2026020028,no_guard,2026-10-03,NO_BET,,,,,0.0,,,,,,,,
2026-10-03-late-2003,2026-10-03T20:03:32+00:00,2026020028,no_shrink,2026-10-03,NO_BET,,,,,0.0,,,,,,,,
2026-10-03-late-2003,2026-10-03T20:03:32+00:00,2026020028,puckline_edge,2026-10-03,BET,away,SEA +1.5,,1.74,28.0,0.6612033792684053,0.6612033792684053,0.5700110309339952,0.09119234833441014,0.1504938799270253,spreads,1.5,SEA +1.5
2026-10-03-late-2003,2026-10-03T20:03:32+00:00,2026020028,totals_edge,2026-10-03,BET,under,Under 6.5,,2.0,23.0,0.55768038398392,0.55768038398392,0.4870706682878301,0.07060971569608987,0.1153607679678399,totals,6.5,Under 6.5
2026-10-03-late-2003,2026-10-03T20:03:32+00:00,2026020029,always_over,2026-10-03,BET,over,Over 6,,2.02,10.0,0.5183262784678826,0.5183262784678826,0.4819023418983394,0.03642393656954318,0.04114624632201436,totals,6.0,Over 6
2026-10-03-late-2003,2026-10-03T20:03:32+00:00,2026020029,edge_1pct,2026-10-03,NO_BET,,,,,0.0,,,,,,,,
2026-10-03-late-2003,2026-10-03T20:03:32+00:00,2026020029,every_game,2026-10-03,BET,home,NYI,,2.2,8.0,0.5302478289543765,0.4575531803576061,0.4435168492863133,0.0867309796680632,0.16654522369962843,,,
2026-10-03-late-2003,2026-10-03T20:03:32+00:00,2026020029,every_puckline,2026-10-03,BET,home,NYI +1.5,,1.48,26.0,0.7081496340611497,0.7081496340611497,0.6698751669807168,0.03827446708043292,0.04806145841050158,spreads,1.5,NYI +1.5
2026-10-03-late-2003,2026-10-03T20:03:32+00:00,2026020029,every_total,2026-10-03,BET,over,Over 6,,2.02,7.0,0.5183262784678826,0.5183262784678826,0.4819023418983394,0.03642393656954318,0.04114624632201436,totals,6.0,Over 6
2026-10-03-late-2003,2026-10-03T20:03:32+00:00,2026020029,flat_model_side,2026-10-03,BET,home,NYI,,2.2,27.0,0.5302478289543765,0.4575531803576061,0.4435168492863133,0.0867309796680632,0.16654522369962843,,,
2026-10-03-late-2003,2026-10-03T20:03:32+00:00,2026020029,market_favorite,2026-10-03,BET,away,NJD,,1.76,10.0,0.4697521710456235,0.5424468196423939,0.5564831507136867,-0.0867309796680632,-0.1732361789597026,,,
2026-10-03-late-2003,2026-10-03T20:03:32+00:00,2026020029,no_guard,2026-10-03,NO_BET,,,,,0.0,,,,,,,,
2026-10-03-late-2003,2026-10-03T20:03:32+00:00,2026020029,no_shrink,2026-10-03,NO_BET,,,,,0.0,,,,,,,,
2026-10-03-late-2003,2026-10-03T20:03:32+00:00,2026020029,puckline_edge,2026-10-03,BET,home,NYI +1.5,,1.48,15.0,0.7081496340611497,0.7081496340611497,0.6698751669807168,0.03827446708043292,0.04806145841050158,spreads,1.5,NYI +1.5
2026-10-03-late-2003,2026-10-03T20:03:32+00:00,2026020029,totals_edge,2026-10-03,BET,over,Over 6,,2.02,14.0,0.5183262784678826,0.5183262784678826,0.4819023418983394,0.03642393656954318,0.04114624632201436,totals,6.0,Over 6
2026-10-03-late-2003,2026-10-03T20:03:32+00:00,2026020030,always_over,2026-10-03,BET,over,Over 6,,1.95,10.0,0.5034328139631989,0.5034328139631989,0.5023210793087328,0.0011117346544661233,-0.016015283806500802,totals,6.0,Over 6
2026-10-03-late-2003,2026-10-03T20:03:32+00:00,2026020030,edge_1pct,2026-10-03,NO_BET,,,,,0.0,,,,,,,,
2026-10-03-late-2003,2026-10-03T20:03:32+00:00,2026020030,every_game,2026-10-03,BET,away,DAL,,1.74,5.0,0.5049393884502904,0.5509298717321869,0.5659278693784271,-0.06098848092813669,-0.12140546409649472,,,
2026-10-03-late-2003,2026-10-03T20:03:32+00:00,2026020030,every_puckline,2026-10-03,BET,home,NSH +1.5,,1.5,23.0,0.6830420832982779,0.6830420832982779,0.6600750483021156,0.02296703499616226,0.024563124947416803,spreads,1.5,NSH +1.5
2026-10-03-late-2003,2026-10-03T20:03:32+00:00,2026020030,every_total,2026-10-03,BET,over,Over 6,,1.95,5.0,0.5034328139631989,0.5034328139631989,0.5023210793087328,0.0011117346544661233,-0.016015283806500802,totals,6.0,Over 6
2026-10-03-late-2003,2026-10-03T20:03:32+00:00,2026020030,flat_model_side,2026-10-03,BET,home,NSH,,2.26,20.0,0.49506061154970965,0.4490701282678131,0.43407213062157285,0.0609884809281368,0.11883698210234361,,,
2026-10-03-late-2003,2026-10-03T20:03:32+00:00,2026020030,market_favorite,2026-10-03,BET,away,DAL,,1.74,10.0,0.5049393884502904,0.5509298717321869,0.5659278693784271,-0.06098848092813669,-0.12140546409649472,,,
2026-10-03-late-2003,2026-10-03T20:03:32+00:00,2026020030,no_guard,2026-10-03,BET,home,NSH,,2.26,2.96,0.49506061154970965,0.4490701282678131,0.43407213062157285,0.0609884809281368,0.014898489885257549,,,
2026-10-03-late-2003,2026-10-03T20:03:32+00:00,2026020030,no_shrink,2026-10-03,NO_BET,,,,,0.0,,,,,,,,
2026-10-03-late-2003,2026-10-03T20:03:32+00:00,2026020030,puckline_edge,2026-10-03,NO_BET,,,,,0.0,,,,,,,,
2026-10-03-late-2003,2026-10-03T20:03:32+00:00,2026020030,totals_edge,2026-10-03,NO_BET,,,,,0.0,,,,,,,,
2026-10-03-late-2003,2026-10-03T20:03:32+00:00,2026020031,always_over,2026-10-03,BET,over,Over 6,,1.83,10.0,0.5004954818473034,0.5004954818473034,0.5270789832827227,-0.02658350143541932,-0.07357030814186793,totals,6.0,Over 6
2026-10-03-late-2003,2026-10-03T20:03:32+00:00,2026020031,edge_1pct,2026-10-03,NO_BET,,,,,0.0,,,,,,,,
2026-10-03-late-2003,2026-10-03T20:03:32+00:00,2026020031,every_game,2026-10-03,BET,home,MIN,,1.5,18.0,0.6302287852541512,0.6436215377565296,0.6538459983107177,-0.0236172130565665,-0.05465682211877326,,,
2026-10-03-late-2003,2026-10-03T20:03:32+00:00,2026020031,every_puckline,2026-10-03,BET,away,BOS +1.5,,1.71,22.0,0.6749585793141548,0.6749585793141548,0.5710668094219017,0.10389176989225313,0.1541791706272047,spreads,1.5,BOS +1.5
2026-10-03-late-2003,2026-10-03T20:03:32+00:00,2026020031,every_total,2026-10-03,BET,over,Over 6,,1.83,5.0,0.5004954818473034,0.5004954818473034,0.5270789832827227,-0.02658350143541932,-0.07357030814186793,totals,6.0,Over 6
2026-10-03-late-2003,2026-10-03T20:03:32+00:00,2026020031,flat_model_side,2026-10-03,BET,away,BOS,,2.79,11.0,0.36977121474584884,0.3563784622434703,0.34615400168928234,0.0236172130565665,0.03166168914091827,,,
2026-10-03-late-2003,2026-10-03T20:03:32+00:00,2026020031,market_favorite,2026-10-03,BET,home,MIN,,1.5,10.0,0.6302287852541512,0.6436215377565296,0.6538459983107177,-0.0236172130565665,-0.05465682211877326,,,
2026-10-03-late-2003,2026-10-03T20:03:32+00:00,2026020031,no_guard,2026-10-03,NO_BET,,,,,0.0,,,,,,,,
2026-10-03-late-2003,2026-10-03T20:03:32+00:00,2026020031,no_shrink,2026-10-03,NO_BET,,,,,0.0,,,,,,,,
2026-10-03-late-2003,2026-10-03T20:03:32+00:00,2026020031,puckline_edge,2026-10-03,BET,away,BOS +1.5,,1.71,30.0,0.6749585793141548,0.6749585793141548,0.5710668094219017,0.10389176989225313,0.1541791706272047,spreads,1.5,BOS +1.5
2026-10-03-late-2003,2026-10-03T20:03:32+00:00,2026020031,totals_edge,2026-10-03,NO_BET,,,,,0.0,,,,,,,,
2026-10-03-late-2003,2026-10-03T20:03:32+00:00,2026020032,always_over,2026-10-03,BET,over,Over 6.5,,2.1,10.0,0.4532557707557917,0.4532557707557917,0.4720319034305619,-0.018776132674770185,-0.048162881412837366,totals,6.5,Over 6.5
2026-10-03-late-2003,2026-10-03T20:03:32+00:00,2026020032,edge_1pct,2026-10-03,NO_BET,,,,,0.0,,,,,,,,
2026-10-03-late-2003,2026-10-03T20:03:32+00:00,2026020032,every_game,2026-10-03,BET,home,COL,,1.36,22.0,0.6736102329842266,0.7072688631825228,0.7219236348651469,-0.04831340188092026,-0.08389008314145174,,,
2026-10-03-late-2003,2026-10-03T20:03:32+00:00,2026020032,every_puckline,2026-10-03,BET,away,STL +1.5,,2.0,18.0,0.6255400997128796,0.6255400997128796,0.49653451323738707,0.12900558647549254,0.2510801994257592,spreads,1.5,STL +1.5
2026-10-03-late-2003,2026-10-03T20:03:32+00:00,2026020032,every_total,2026-10-03,BET,under,Under 6.5,,1.85,10.0,0.5467442292442083,0.5467442292442083,0.5279680965694381,0.018776132674770185,0.01147682410178541,totals,6.5,Under 6.5
2026-10-03-late-2003,2026-10-03T20:03:32+00:00,2026020032,flat_model_side,2026-10-03,BET,away,STL,,3.55,17.0,0.3263897670157734,0.2927311368174772,0.2780763651348531,0.04831340188092026,0.1586836729059954,,,
2026-10-03-late-2003,2026-10-03T20:03:32+00:00,2026020032,market_favorite,2026-10-03,BET,home,COL,,1.36,10.0,0.6736102329842266,0.7072688631825228,0.7219236348651469,-0.04831340188092026,-0.08389008314145174,,,
2026-10-03-late-2003,2026-10-03T20:03:32+00:00,2026020032,no_guard,2026-10-03,NO_BET,,,,,0.0,,,,,,,,
2026-10-03-late-2003,2026-10-03T20:03:32+00:00,2026020032,no_shrink,2026-10-03,NO_BET,,,,,0.0,,,,,,,,
2026-10-03-late-2003,2026-10-03T20:03:32+00:00,2026020032,puckline_edge,2026-10-03,BET,away,STL +1.5,,2.0,30.0,0.6255400997128796,0.6255400997128796,0.49653451323738707,0.12900558647549254,0.2510801994257592,spreads,1.5,STL +1.5
2026-10-03-late-2003,2026-10-03T20:03:32+00:00,2026020032,totals_edge,2026-10-03,NO_BET,,,,,0.0,,,,,,,,
2026-10-03-late-2003,2026-10-03T20:03:32+00:00,2026020033,always_over,2026-10-03,BET,over,Over 6,,1.88,10.0,0.5082539530912734,0.5082539530912734,0.513187667491831,-0.004933714400557565,-0.03892419333783126,totals,6.0,Over 6
2026-10-03-late-2003,2026-10-03T20:03:32+00:00,2026020033,edge_1pct,2026-10-03,NO_BET,,,,,0.0,,,,,,,,
2026-10-03-late-2003,2026-10-03T20:03:32+00:00,2026020033,every_game,2026-10-03,BET,home,VAN,,1.91,7.0,0.5196800871007893,0.5145203319704913,0.5096344931375015,0.010045593963287747,-0.0074110336374925145,,,
2026-10-03-late-2003,2026-10-03T20:03:32+00:00,2026020033,every_puckline,2026-10-03,BET,away,CGY +1.5,,1.43,25.0,0.7003108938563966,0.7003108938563966,0.7036624589440237,-0.0033515650876271286,0.001444578214647052,spreads,1.5,CGY +1.5
2026-10-03-late-2003,2026-10-03T20:03:32+00:00,2026020033,every_total,2026-10-03,BET,over,Over 6,,1.88,6.0,0.5082539530912734,0.5082539530912734,0.513187667491831,-0.004933714400557565,-0.03892419333783126,totals,6.0,Over 6
2026-10-03-late-2003,2026-10-03T20:03:32+00:00,2026020033,flat_model_side,2026-10-03,BET,home,VAN,,1.91,8.0,0.5196800871007893,0.5145203319704913,0.5096344931375015,0.010045593963287747,-0.0074110336374925145,,,
2026-10-03-late-2003,2026-10-03T20:03:32+00:00,2026020033,market_favorite,2026-10-03,BET,home,VAN,,1.91,10.0,0.5196800871007893,0.5145203319704913,0.5096344931375015,0.010045593963287747,-0.0074110336374925145,,,
2026-10-03-late-2003,2026-10-03T20:03:32+00:00,2026020033,no_guard,2026-10-03,NO_BET,,,,,0.0,,,,,,,,
2026-10-03-late-2003,2026-10-03T20:03:32+00:00,2026020033,no_shrink,2026-10-03,NO_BET,,,,,0.0,,,,,,,,
2026-10-03-late-2003,2026-10-03T20:03:32+00:00,2026020033,puckline_edge,2026-10-03,NO_BET,,,,,0.0,,,,,,,,
2026-10-03-late-2003,2026-10-03T20:03:32+00:00,2026020033,totals_edge,2026-10-03,NO_BET,,,,,0.0,,,,,,,,
2026-10-03-late-2003,2026-10-03T20:03:32+00:00,2026020034,always_over,2026-10-03,BET,over,Over 6.5,,2.09,10.0,0.44202319771712384,0.44202319771712384,0.4648441548741699,-0.022820957157046073,-0.07617151677121126,totals,6.5,Over 6.5
2026-10-03-late-2003,2026-10-03T20:03:32+00:00,2026020034,edge_1pct,2026-10-03,NO_BET,,,,,0.0,,,,,,,,
2026-10-03-late-2003,2026-10-03T20:03:32+00:00,2026020034,every_game,2026-10-03,BET,away,LAK,,2.0,6.0,0.5085542144315158,0.49929042294132603,0.4913365736620027,0.017217640769513154,0.017108428863031655,,,
2026-10-03-late-2003,2026-10-03T20:03:32+00:00,2026020034,every_puckline,2026-10-03,BET,away,LAK +1.5,,1.4,27.0,0.7166888795195133,0.7166888795195133,0.7062325045707434,0.010456374948769942,0.003364431327318562,spreads,1.5,LAK +1.5
2026-10-03-late-2003,2026-10-03T20:03:32+00:00,2026020034,every_total,2026-10-03,BET,under,Under 6.5,,1.82,11.0,0.5579768022828762,0.5579768022828762,0.53515584512583,0.02282095715704613,0.015517780154834626,totals,6.5,Under 6.5
2026-10-03-late-2003,2026-10-03T20:03:32+00:00,2026020034,flat_model_side,2026-10-03,BET,away,LAK,,2.0,9.0,0.5085542144315158,0.49929042294132603,0.4913365736620027,0.017217640769513154,0.017108428863031655,,,
2026-10-03-late-2003,2026-10-03T20:03:32+00:00,2026020034,market_favorite,2026-10-03,BET,home,SJS,,1.93,10.0,0.4914457855684842,0.500709577058674,0.5086634263379973,-0.017217640769513154,-0.05150963385282559,,,
2026-10-03-late-2003,2026-10-03T20:03:32+00:00,2026020034,no_guard,2026-10-03,NO_BET,,,,,0.0,,,,,,,,
2026-10-03-late-2003,2026-10-03T20:03:32+00:00,2026020034,no_shrink,2026-10-03,NO_BET,,,,,0.0,,,,,,,,
2026-10-03-late-2003,2026-10-03T20:03:32+00:00,2026020034,puckline_edge,2026-10-03,NO_BET,,,,,0.0,,,,,,,,
2026-10-03-late-2003,2026-10-03T20:03:32+00:00,2026020034,totals_edge,2026-10-03,NO_BET,,,,,0.0,,,,,,,,
