game_id,game_date,away,home,market,side,label,point,p_model,p_market,p_push,edge,ev,best_price,n_books,lam_home,lam_away,exp_total,outcome
2026020006,2026-09-30,PIT,PHI,spreads,away,PIT -1.5,-1.5,0.251331,0.573645,0,-0.322315,-0.585304,1.65,4,2.92045,2.96678,6.00253,
2026020006,2026-09-30,PIT,PHI,spreads,home,PHI +1.5,1.5,0.748669,0.426355,0,0.322315,0.662045,2.22,4,2.92045,2.96678,6.00253,
2026020006,2026-09-30,PIT,PHI,totals,over,Over 6.5,6.5,0.410892,0.477246,0,-0.0663537,-0.178216,2,5,2.92045,2.96678,6.00253,
2026020006,2026-09-30,PIT,PHI,totals,under,Under 6.5,6.5,0.589108,0.522754,0,0.0663537,0.0898499,1.85,5,2.92045,2.96678,6.00253,
2026020007,2026-09-30,LAK,COL,spreads,away,LAK +1.5,1.5,0.654943,0.586279,0,0.0686635,0.0937545,1.67,9,3.33071,2.57837,6.01645,
2026020007,2026-09-30,LAK,COL,spreads,home,COL -1.5,-1.5,0.345057,0.413721,0,-0.0686635,-0.192566,2.34,9,3.33071,2.57837,6.01645,
2026020007,2026-09-30,LAK,COL,totals,over,Over 6.5,6.5,0.412566,0.469183,0,-0.0566166,-0.150114,2.06,5,3.33071,2.57837,6.01645,
2026020007,2026-09-30,LAK,COL,totals,under,Under 6.5,6.5,0.587434,0.530817,0,0.0566166,0.0750044,1.83,5,3.33071,2.57837,6.01645,
2026020008,2026-09-30,NYI,TOR,spreads,away,NYI +2.5,2.5,0.907149,0.474295,0,0.432854,0.859655,2.05,5,2.65953,3.20266,5.97372,
2026020008,2026-09-30,NYI,TOR,spreads,home,TOR -2.5,-2.5,0.092851,0.525705,0,-0.432854,-0.832868,1.8,5,2.65953,3.20266,5.97372,
2026020008,2026-09-30,NYI,TOR,totals,over,Over 6.5,6.5,0.405889,0.457702,0,-0.051813,-0.163869,2.06,5,2.65953,3.20266,5.97372,
2026020008,2026-09-30,NYI,TOR,totals,under,Under 6.5,6.5,0.594111,0.542298,0,0.051813,0.0515766,1.77,5,2.65953,3.20266,5.97372,
