game_id,game_date,away,home,home_goalie,away_goalie,goalie_status,model_version,p_model_home,p_market_home,p_close_home,edge_home,home_win,decision,bet_side,bet_team,bet_price,stake,edge,ev,bet_won,profit,clv_ev,reasons,home_rest_days,away_rest_days,home_b2b,away_b2b,home_games_played,away_games_played,elo_prob_home,is_rivalry,days_into_season
2026020006,2026-09-30,PIT,PHI,D. Vladar,S. Skinner,probable,20260929-3184e7-r2,0.49354,0.571904,0.571904,-0.0783632,0,NO_BET,,,,0,,,,,,early-season sample size: a team has only played 0 games (< 10),7,7,0,0,0,0,0.532302,1,1
2026020007,2026-09-30,LAK,COL,S. Wedgewood,A. Forsberg,probable,20260929-3184e7-r2,0.626796,0.644846,0.647884,-0.0180502,1,NO_BET,,,,0,,,,,,early-season sample size: a team has only played 0 games (< 10),7,7,0,0,0,0,0.675477,0,1
2026020008,2026-09-30,NYI,TOR,J. Woll,I. Sorokin,probable,20260929-3184e7-r2,0.386101,0.556851,0.556851,-0.17075,1,NO_BET,,,,0,,,,,,early-season sample size: a team has only played 0 games (< 10),1,7,1,0,1,0,0.502163,0,1
2026020009,2026-10-01,PHI,NJD,J. Markstrom,D. Vladar,probable,20260930-8845bc,0.630784,0.613225,,0.0175587,,NO_BET,,,,0,,,,,,early-season sample size: a team has only played 0 games (< 10),7,1,0,1,0,1,0.528159,1,2
2026020010,2026-10-01,TBL,NYR,I. Shesterkin,A. Vasilevskiy,probable,20260930-8845bc,0.440325,0.423837,,0.0164879,,NO_BET,,,,0,,,,,,early-season sample size: a team has only played 0 games (< 10),2,7,0,0,1,0,0.432182,0,2
2026020011,2026-10-01,BUF,CBJ,J. Greaves,U. Luukkonen,probable,20260930-8845bc,0.486605,0.48785,,-0.00124485,,NO_BET,,,,0,,,,,,early-season sample size: a team has only played 0 games (< 10),7,7,0,0,0,0,0.468798,0,2
2026020012,2026-10-01,MIN,NSH,J. Saros,J. Wallstedt,probable,20260930-8845bc,0.467263,0.427144,,0.0401187,,NO_BET,,,,0,,,,,,early-season sample size: a team has only played 0 games (< 10),7,7,0,0,0,0,0.45358,1,2
2026020013,2026-10-01,CHI,UTA,K. Vejmelka,S. Knight,probable,20260930-8845bc,0.670733,0.667073,,0.00365972,,NO_BET,,,,0,,,,,,early-season sample size: a team has only played 0 games (< 10),7,2,0,0,0,1,0.670085,1,2
2026020014,2026-10-01,SEA,CGY,D. Wolf,J. Daccord,probable,20260930-8845bc,0.529932,0.501373,,0.0285586,,NO_BET,,,,0,,,,,,early-season sample size: a team has only played 0 games (< 10),7,7,0,0,0,0,0.552971,1,2
2026020015,2026-10-01,EDM,VAN,K. Lankinen,C. Ingram,probable,20260930-8845bc,0.445748,0.343748,,0.102,,NO_BET,,,,0,,,,,,early-season sample size: a team has only played 1 games (< 10),2,2,0,0,1,1,0.399443,1,2
2026020016,2026-10-01,FLA,SJS,A. Nedeljkovic,D. Tarasov,probable,20260930-8845bc,0.499809,0.42313,,0.0766787,,NO_BET,,,,0,,,,,,early-season sample size: a team has only played 0 games (< 10),7,2,0,0,0,1,0.433478,0,2
