strategy,bets,staked,profit,roi,roi_lo,roi_hi,win_rate,avg_clv,n_clv
always_over,10,100,35.6,0.356,,,0.7,,0
edge_1pct,0,0,0,,,,,,0
every_game,11,118,8.96,0.0759322,,,0.545455,-0.0239063,11
every_puckline,11,209,-6.24,-0.0298565,,,0.636364,,0
every_total,10,92,-41.27,-0.448587,,,0.3,,0
flat_model_side,11,141,-19.53,-0.138511,,,0.454545,-0.029258,11
market_favorite,11,110,-14.7,-0.133636,,,0.545455,-0.0221137,11
no_guard,0,0,0,,,,,,0
no_shrink,0,0,0,,,,,,0
puckline_edge,7,115,-50.31,-0.437478,,,0.428571,,0
sog_edge,8,153,73.4,0.479739,,,0.75,,0
sog_over_control,8,80,-39.9,-0.49875,,,0.25,,0
totals_edge,6,87,-62.95,-0.723563,,,0.166667,,0
