group,segment,n,predicted,actual,bias,z,p,n_first,bias_first,z_first,n_second,bias_second,z_second,q,verdict,analysis
team at home,VAN,71,0.509245,0.323944,-0.185301,-3.18749,0.00143515,35,-0.0980188,-1.19294,36,-0.270159,-3.28487,0.134904,no reliable tendency,"Model vs outcomes (walk-forward, out of sample)"
team at home,NYR,72,0.533601,0.388889,-0.144712,-2.49606,0.0125583,36,-0.160364,-1.96684,36,-0.12906,-1.5654,0.59024,no reliable tendency,"Model vs outcomes (walk-forward, out of sample)"
team away,MTL,73,0.592944,0.465753,-0.127191,-2.2453,0.0247487,38,-0.118573,-1.53061,35,-0.136547,-1.64557,0.77546,no reliable tendency,"Model vs outcomes (walk-forward, out of sample)"
home win probability,0.00 to 0.45,347,0.391723,0.43804,0.046317,1.77617,0.0757054,221,0.062723,1.92646,126,0.0175414,0.402829,0.811988,no reliable tendency,"Model vs outcomes (walk-forward, out of sample)"
team at home,BOS,70,0.52812,0.628571,0.100451,1.70788,0.0876594,36,-0.000838354,-0.0102951,34,0.207699,2.44282,0.811988,no reliable tendency,"Model vs outcomes (walk-forward, out of sample)"
team away,BOS,71,0.566066,0.661972,0.0959063,1.65493,0.0979392,35,0.178087,2.17249,36,0.0160082,0.195402,0.811988,no reliable tendency,"Model vs outcomes (walk-forward, out of sample)"
home win probability,0.60 to 1.00,710,0.659677,0.630986,-0.0286914,-1.6216,0.104889,388,-0.00744266,-0.31365,322,-0.0542955,-2.04565,0.811988,no reliable tendency,"Model vs outcomes (walk-forward, out of sample)"
favourite,home team favoured,1587,0.599473,0.57971,-0.0197625,-1.62151,0.104908,749,0.00295172,0.167719,838,-0.0400644,-2.37196,0.811988,no reliable tendency,"Model vs outcomes (walk-forward, out of sample)"
team away,FLA,73,0.469736,0.561644,0.0919074,1.59886,0.109852,36,0.145166,1.7758,37,0.0400886,0.495857,0.811988,no reliable tendency,"Model vs outcomes (walk-forward, out of sample)"
team away,COL,72,0.452186,0.361111,-0.0910745,-1.56807,0.116865,38,-0.022229,-0.277832,34,-0.168019,-1.98964,0.811988,no reliable tendency,"Model vs outcomes (walk-forward, out of sample)"
team at home,ANA,71,0.486291,0.577465,0.0911737,1.56604,0.11734,33,0.141516,1.66808,38,0.0474557,0.592975,0.811988,no reliable tendency,"Model vs outcomes (walk-forward, out of sample)"
team away,CAR,70,0.437264,0.528571,0.0913072,1.55669,0.119544,35,0.204157,2.47746,35,-0.0215428,-0.258026,0.811988,no reliable tendency,"Model vs outcomes (walk-forward, out of sample)"
team at home,MTL,70,0.508945,0.6,0.0910546,1.54446,0.122477,33,0.156508,1.83184,37,0.0326773,0.401196,0.811988,no reliable tendency,"Model vs outcomes (walk-forward, out of sample)"
team at home,BUF,70,0.52412,0.614286,0.0901662,1.52857,0.12637,36,0.0819489,0.995598,34,0.0988668,1.16898,0.811988,no reliable tendency,"Model vs outcomes (walk-forward, out of sample)"
rest,away on a back-to-back,487,0.581508,0.613963,0.0324555,1.48352,0.137937,250,0.0539528,1.77921,237,0.00977907,0.309591,0.811988,no reliable tendency,"Model vs outcomes (walk-forward, out of sample)"
rest,both on a back-to-back,122,0.532776,0.598361,0.0655843,1.47812,0.139375,57,0.103907,1.60898,65,0.0319779,0.523715,0.811988,no reliable tendency,"Model vs outcomes (walk-forward, out of sample)"
team at home,UTA,73,0.574074,0.493151,-0.0809232,-1.42049,0.155464,36,-0.0675627,-0.837999,37,-0.0939226,-1.1668,0.811988,no reliable tendency,"Model vs outcomes (walk-forward, out of sample)"
rest,home on a back-to-back,257,0.502102,0.544747,0.0426454,1.39696,0.162425,112,0.0308732,0.671207,145,0.0517384,1.26785,0.811988,no reliable tendency,"Model vs outcomes (walk-forward, out of sample)"
home win probability,0.55 to 0.60,448,0.574249,0.542411,-0.0318386,-1.36349,0.172728,185,0.00190346,0.0524176,263,-0.0555736,-1.82265,0.811988,no reliable tendency,"Model vs outcomes (walk-forward, out of sample)"
team at home,NJD,70,0.565128,0.485714,-0.0794142,-1.35223,0.176303,34,-0.057787,-0.692332,36,-0.0998399,-1.20842,0.811988,no reliable tendency,"Model vs outcomes (walk-forward, out of sample)"
favourite,away team favoured,682,0.432523,0.457478,0.0249554,1.32357,0.185647,383,0.0444725,1.7745,299,-4.48023e-05,-0.00156557,0.811988,no reliable tendency,"Model vs outcomes (walk-forward, out of sample)"
team away,NSH,71,0.572089,0.647887,0.0757985,1.31046,0.19004,35,0.187907,2.28297,36,-0.0331963,-0.408319,0.811988,no reliable tendency,"Model vs outcomes (walk-forward, out of sample)"
team away,DAL,71,0.495611,0.422535,-0.0730759,-1.24917,0.211603,35,-0.0496768,-0.601013,36,-0.0958251,-1.1575,0.836738,no reliable tendency,"Model vs outcomes (walk-forward, out of sample)"
team away,MIN,68,0.544815,0.470588,-0.0742267,-1.24363,0.213635,33,-0.01531,-0.179909,35,-0.129777,-1.55014,0.836738,no reliable tendency,"Model vs outcomes (walk-forward, out of sample)"
team at home,CHI,73,0.402724,0.342466,-0.0602583,-1.06273,0.287906,38,0.000256499,0.00330951,35,-0.12596,-1.51577,0.989355,no reliable tendency,"Model vs outcomes (walk-forward, out of sample)"
team at home,SEA,69,0.496685,0.434783,-0.0619021,-1.04086,0.29794,32,-0.0507177,-0.58052,37,-0.0715752,-0.881621,0.989355,no reliable tendency,"Model vs outcomes (walk-forward, out of sample)"
month,November,251,0.549707,0.517928,-0.0317788,-1.02948,0.303253,26,-0.00669271,-0.0693915,225,-0.0346777,-1.06431,0.989355,no reliable tendency,"Model vs outcomes (walk-forward, out of sample)"
month,October,180,0.563079,0.527778,-0.0353016,-0.972159,0.330971,180,-0.0353016,-0.972159,0,,,0.989355,no reliable tendency,"Model vs outcomes (walk-forward, out of sample)"
team away,CGY,71,0.578342,0.633803,0.0554604,0.960887,0.336609,37,-0.0112175,-0.14133,34,0.128022,1.52292,0.989355,no reliable tendency,"Model vs outcomes (walk-forward, out of sample)"
rest,home has 1+ more days of rest,646,0.57471,0.592879,0.0181696,0.954282,0.339941,329,0.0373317,1.40917,317,-0.00171787,-0.0627468,0.989355,no reliable tendency,"Model vs outcomes (walk-forward, out of sample)"
team away,TOR,73,0.559756,0.506849,-0.0529069,-0.92626,0.354311,35,-0.145177,-1.74818,38,0.0320782,0.407728,0.989355,no reliable tendency,"Model vs outcomes (walk-forward, out of sample)"
team away,CBJ,72,0.607503,0.555556,-0.051947,-0.913027,0.361228,36,-0.0783598,-0.985454,36,-0.0255341,-0.313699,0.989355,no reliable tendency,"Model vs outcomes (walk-forward, out of sample)"
team at home,CAR,73,0.64877,0.69863,0.0498597,0.900613,0.367794,35,0.0522589,0.661646,38,0.0476498,0.614197,0.989355,no reliable tendency,"Model vs outcomes (walk-forward, out of sample)"
month,February,196,0.546345,0.576531,0.030186,0.865386,0.386827,122,0.0146313,0.331716,74,0.0558303,0.979666,0.989355,no reliable tendency,"Model vs outcomes (walk-forward, out of sample)"
weekday,Wed,190,0.551604,0.521053,-0.0305511,-0.862915,0.388184,75,-0.00219458,-0.0392622,115,-0.0490444,-1.07209,0.989355,no reliable tendency,"Model vs outcomes (walk-forward, out of sample)"
season stage,first 15 games (ratings lean on last year),253,0.558894,0.533597,-0.0252967,-0.825606,0.409028,180,-0.0353016,-0.972159,73,-0.000627272,-0.0109869,0.989355,no reliable tendency,"Model vs outcomes (walk-forward, out of sample)"
team at home,TBL,71,0.630415,0.676056,0.0456415,0.805131,0.420744,36,0.0640841,0.808278,35,0.0266718,0.328963,0.989355,no reliable tendency,"Model vs outcomes (walk-forward, out of sample)"
weekday,Tue,420,0.546058,0.564286,0.0182281,0.764885,0.44434,216,0.00224473,0.06789,204,0.0351518,1.02259,0.989355,no reliable tendency,"Model vs outcomes (walk-forward, out of sample)"
weekday,Mon,225,0.549191,0.524444,-0.0247469,-0.760589,0.446903,100,0.0202558,0.417879,125,-0.0607491,-1.38417,0.989355,no reliable tendency,"Model vs outcomes (walk-forward, out of sample)"
team away,UTA,69,0.523176,0.478261,-0.0449151,-0.758229,0.448314,35,-0.075729,-0.915216,34,-0.0131949,-0.155541,0.989355,no reliable tendency,"Model vs outcomes (walk-forward, out of sample)"
team at home,OTT,70,0.585478,0.628571,0.043093,0.74226,0.45793,36,0.120692,1.48987,34,-0.0390711,-0.469347,0.989355,no reliable tendency,"Model vs outcomes (walk-forward, out of sample)"
team at home,WPG,72,0.596397,0.555556,-0.0408415,-0.716526,0.473666,38,0.0262201,0.339693,34,-0.115793,-1.37158,0.989355,no reliable tendency,"Model vs outcomes (walk-forward, out of sample)"
team at home,LAK,72,0.582519,0.541667,-0.0408526,-0.710956,0.477112,35,0.100371,1.22318,37,-0.174442,-2.16737,0.989355,no reliable tendency,"Model vs outcomes (walk-forward, out of sample)"
team at home,WSH,70,0.588703,0.628571,0.0398688,0.686152,0.492617,36,0.00436897,0.0546087,34,0.0774569,0.916999,0.989355,no reliable tendency,"Model vs outcomes (walk-forward, out of sample)"
team at home,CBJ,71,0.511645,0.549296,0.0376504,0.642475,0.520564,35,0.117337,1.41193,36,-0.0398221,-0.481851,0.989355,no reliable tendency,"Model vs outcomes (walk-forward, out of sample)"
team away,NYI,69,0.573278,0.536232,-0.0370463,-0.630724,0.528221,34,0.0531839,0.636679,35,-0.124699,-1.50959,0.989355,no reliable tendency,"Model vs outcomes (walk-forward, out of sample)"
month,March,476,0.559494,0.546218,-0.0132758,-0.595114,0.551767,234,0.0300431,0.951321,242,-0.0551627,-1.75066,0.989355,no reliable tendency,"Model vs outcomes (walk-forward, out of sample)"
weekday,Fri,184,0.548137,0.527174,-0.0209636,-0.585417,0.558268,102,0.0604668,1.26829,82,-0.122255,-2.25483,0.989355,no reliable tendency,"Model vs outcomes (walk-forward, out of sample)"
weekday,Sun,262,0.543561,0.561069,0.0175073,0.582637,0.560138,137,0.00181618,0.0439977,125,0.0347047,0.792058,0.989355,no reliable tendency,"Model vs outcomes (walk-forward, out of sample)"
weekday,Thu,441,0.559429,0.546485,-0.0129441,-0.558213,0.576699,225,-0.0136551,-0.422641,216,-0.0122035,-0.366503,0.989355,no reliable tendency,"Model vs outcomes (walk-forward, out of sample)"
team at home,TOR,70,0.532701,0.5,-0.0327013,-0.556727,0.577714,36,0.0446059,0.548596,34,-0.114556,-1.34886,0.989355,no reliable tendency,"Model vs outcomes (walk-forward, out of sample)"
team away,SJS,69,0.682764,0.652174,-0.0305899,-0.553784,0.579727,33,0.027835,0.362984,36,-0.0841461,-1.06285,0.989355,no reliable tendency,"Model vs outcomes (walk-forward, out of sample)"
team at home,VGK,73,0.605927,0.575342,-0.0305847,-0.540458,0.588881,36,0.0675513,0.837979,37,-0.126068,-1.58653,0.989355,no reliable tendency,"Model vs outcomes (walk-forward, out of sample)"
team away,BUF,72,0.585832,0.555556,-0.0302766,-0.529175,0.596684,35,0.165918,2.03905,37,-0.215866,-2.68343,0.989355,no reliable tendency,"Model vs outcomes (walk-forward, out of sample)"
team away,STL,69,0.581582,0.550725,-0.0308569,-0.525202,0.599442,32,-0.0788232,-0.915717,37,0.0106274,0.1322,0.989355,no reliable tendency,"Model vs outcomes (walk-forward, out of sample)"
team at home,DAL,72,0.609522,0.638889,0.0293672,0.515148,0.60645,37,0.000737424,0.00933425,35,0.0596331,0.724339,0.989355,no reliable tendency,"Model vs outcomes (walk-forward, out of sample)"
team away,NJD,69,0.522819,0.492754,-0.0300654,-0.5091,0.610682,34,0.00996518,0.119387,35,-0.0689523,-0.825321,0.989355,no reliable tendency,"Model vs outcomes (walk-forward, out of sample)"
team away,WPG,69,0.492091,0.521739,0.0296483,0.500279,0.616879,32,-0.104855,-1.20399,37,0.145976,1.8049,0.989355,no reliable tendency,"Model vs outcomes (walk-forward, out of sample)"
weekday,Sat,547,0.545974,0.535649,-0.0103252,-0.494465,0.620978,277,0.0489311,1.67673,270,-0.0711178,-2.37942,0.989355,no reliable tendency,"Model vs outcomes (walk-forward, out of sample)"
team away,LAK,69,0.508609,0.536232,0.0276233,0.466539,0.64083,36,0.0324013,0.396976,33,0.0224109,0.260549,0.99128,no reliable tendency,"Model vs outcomes (walk-forward, out of sample)"
season stage,after game 60,688,0.562201,0.553779,-0.00842173,-0.454609,0.649391,343,0.0286131,1.09953,345,-0.0452419,-1.71561,0.99128,no reliable tendency,"Model vs outcomes (walk-forward, out of sample)"
month,April,257,0.563586,0.575875,0.0122896,0.406403,0.684447,132,0.0329713,0.788794,125,-0.00955031,-0.218118,0.99128,no reliable tendency,"Model vs outcomes (walk-forward, out of sample)"
team away,CHI,70,0.678405,0.7,0.0215953,0.390814,0.695935,33,0.0445376,0.571745,37,0.00113338,0.0145092,0.99128,no reliable tendency,"Model vs outcomes (walk-forward, out of sample)"
team away,DET,71,0.570479,0.549296,-0.0211837,-0.365377,0.71483,36,-0.00207865,-0.0256473,35,-0.0408346,-0.492193,0.99128,no reliable tendency,"Model vs outcomes (walk-forward, out of sample)"
team away,VGK,69,0.485731,0.507246,0.0215153,0.361722,0.71756,34,-0.00952552,-0.112733,35,0.0516693,0.617007,0.99128,no reliable tendency,"Model vs outcomes (walk-forward, out of sample)"
team at home,EDM,71,0.611942,0.591549,-0.0203931,-0.356714,0.721306,34,0.0425596,0.522137,37,-0.0782414,-0.976147,0.99128,no reliable tendency,"Model vs outcomes (walk-forward, out of sample)"
matchup,division / rival game,737,0.552626,0.559023,0.00639661,0.356541,0.721435,382,0.0450912,1.8202,355,-0.035241,-1.35475,0.99128,no reliable tendency,"Model vs outcomes (walk-forward, out of sample)"
team at home,STL,71,0.530718,0.549296,0.0185782,0.318917,0.749789,37,-0.0240018,-0.300056,34,0.0649152,0.763932,0.99128,no reliable tendency,"Model vs outcomes (walk-forward, out of sample)"
home win probability,0.50 to 0.55,429,0.526174,0.5338,0.00762588,0.31647,0.751646,176,0.0269684,0.716689,253,-0.00582982,-0.185821,0.99128,no reliable tendency,"Model vs outcomes (walk-forward, out of sample)"
month,December,440,0.537244,0.531818,-0.0054263,-0.233196,0.815609,214,0.033754,1.01938,226,-0.0425262,-1.3005,0.99128,no reliable tendency,"Model vs outcomes (walk-forward, out of sample)"
team away,PHI,71,0.57622,0.56338,-0.0128399,-0.22128,0.824874,33,0.173705,2.05748,38,-0.17484,-2.18917,0.99128,no reliable tendency,"Model vs outcomes (walk-forward, out of sample)"
team away,ANA,72,0.622659,0.611111,-0.0115481,-0.205419,0.837245,38,-0.00834018,-0.110637,34,-0.0151333,-0.17993,0.99128,no reliable tendency,"Model vs outcomes (walk-forward, out of sample)"
team at home,MIN,74,0.5655,0.554054,-0.0114461,-0.201601,0.840229,39,-0.0761156,-0.97152,35,0.0606142,0.735682,0.99128,no reliable tendency,"Model vs outcomes (walk-forward, out of sample)"
team away,SEA,72,0.600532,0.611111,0.010579,0.185841,0.85257,37,-0.00327037,-0.0414161,35,0.0252198,0.30708,0.99128,no reliable tendency,"Model vs outcomes (walk-forward, out of sample)"
team at home,DET,71,0.545775,0.535211,-0.0105639,-0.180687,0.856613,36,0.0732766,0.894505,35,-0.0967998,-1.15977,0.99128,no reliable tendency,"Model vs outcomes (walk-forward, out of sample)"
team at home,FLA,69,0.632609,0.623188,-0.00942075,-0.164658,0.869213,34,0.0360103,0.453035,35,-0.0535538,-0.651349,0.99128,no reliable tendency,"Model vs outcomes (walk-forward, out of sample)"
team at home,PHI,70,0.509585,0.5,-0.00958476,-0.16225,0.871109,36,0.0937984,1.14078,34,-0.119049,-1.40176,0.99128,no reliable tendency,"Model vs outcomes (walk-forward, out of sample)"
team away,NYR,72,0.550352,0.541667,-0.00868557,-0.149709,0.880994,37,-0.0231244,-0.285576,35,0.00657828,0.0790999,0.99128,no reliable tendency,"Model vs outcomes (walk-forward, out of sample)"
team away,EDM,72,0.491644,0.5,0.00835565,0.143916,0.885567,38,0.0445686,0.56049,34,-0.0321177,-0.378035,0.99128,no reliable tendency,"Model vs outcomes (walk-forward, out of sample)"
team at home,CGY,70,0.536986,0.528571,-0.00841418,-0.142691,0.886534,34,-0.109274,-1.29677,36,0.0868426,1.05211,0.99128,no reliable tendency,"Model vs outcomes (walk-forward, out of sample)"
rest,away has 1+ more days of rest,407,0.510527,0.513514,0.00298674,0.123012,0.902097,211,0.0261878,0.780358,196,-0.0219899,-0.625266,0.99128,no reliable tendency,"Model vs outcomes (walk-forward, out of sample)"
season stage,games 15 to 60,1328,0.540775,0.539157,-0.00161848,-0.120733,0.903902,609,0.0259175,1.3176,719,-0.0249417,-1.36177,0.99128,no reliable tendency,"Model vs outcomes (walk-forward, out of sample)"
team at home,NSH,70,0.521123,0.514286,-0.00683681,-0.116005,0.907649,36,-0.0259118,-0.316843,34,0.0133602,0.157181,0.99128,no reliable tendency,"Model vs outcomes (walk-forward, out of sample)"
home win probability,0.45 to 0.50,335,0.474783,0.477612,0.00282855,0.103714,0.917396,162,0.0195752,0.499159,173,-0.0128532,-0.338663,0.99128,no reliable tendency,"Model vs outcomes (walk-forward, out of sample)"
team away,TBL,72,0.476097,0.472222,-0.00387481,-0.0665844,0.946913,36,0.0738926,0.897785,36,-0.0816423,-0.992103,0.99128,no reliable tendency,"Model vs outcomes (walk-forward, out of sample)"
team away,VAN,73,0.585358,0.589041,0.00368288,0.0647223,0.948395,38,-0.0149244,-0.187518,35,0.0238851,0.293589,0.99128,no reliable tendency,"Model vs outcomes (walk-forward, out of sample)"
team at home,COL,69,0.648525,0.652174,0.00364875,0.0643547,0.948688,33,0.0451359,0.544133,36,-0.0343812,-0.442847,0.99128,no reliable tendency,"Model vs outcomes (walk-forward, out of sample)"
team at home,PIT,69,0.52549,0.521739,-0.00375082,-0.063096,0.94969,33,0.0750045,0.873005,36,-0.0759432,-0.922334,0.99128,no reliable tendency,"Model vs outcomes (walk-forward, out of sample)"
month,January,464,0.537519,0.538793,0.00127408,0.0561575,0.955216,224,0.0240242,0.741554,240,-0.0199594,-0.628152,0.99128,no reliable tendency,"Model vs outcomes (walk-forward, out of sample)"
team at home,NYI,72,0.524723,0.527778,0.00305454,0.0525541,0.958087,36,0.0144256,0.176198,36,-0.00831655,-0.100782,0.99128,no reliable tendency,"Model vs outcomes (walk-forward, out of sample)"
team away,WSH,72,0.516836,0.513889,-0.00294676,-0.0506013,0.959643,35,-0.0609998,-0.731144,37,0.0519682,0.639037,0.99128,no reliable tendency,"Model vs outcomes (walk-forward, out of sample)"
team away,PIT,71,0.561973,0.56338,0.00140683,0.0242102,0.980685,37,0.0165731,0.207508,34,-0.0150976,-0.178294,0.998361,no reliable tendency,"Model vs outcomes (walk-forward, out of sample)"
team away,OTT,72,0.514713,0.513889,-0.000823718,-0.0141345,0.988723,36,0.0191244,0.232442,36,-0.0207719,-0.25161,0.998361,no reliable tendency,"Model vs outcomes (walk-forward, out of sample)"
team at home,SJS,70,0.399882,0.4,0.000118027,0.00205381,0.998361,35,-0.122332,-1.532,35,0.122568,1.4827,0.998361,no reliable tendency,"Model vs outcomes (walk-forward, out of sample)"
