game_id,captured_at,home_prob_novig,n_books
2026020066,2026-10-09T20:01:54+00:00,0.5684456119170149,9
2026020067,2026-10-09T20:01:54+00:00,0.5660428216192472,9
2026020068,2026-10-09T20:01:54+00:00,0.5200947662278872,9
2026020069,2026-10-09T20:01:54+00:00,0.533208797227944,9
2026020070,2026-10-09T20:01:54+00:00,0.552695116525809,8
2026020071,2026-10-09T20:01:54+00:00,0.7082767435983868,8
2026020072,2026-10-09T20:01:54+00:00,0.414024014287519,7
2026020073,2026-10-09T20:01:54+00:00,0.5537374539315044,7
2026020074,2026-10-09T20:01:54+00:00,0.5009760308844321,7
2026020075,2026-10-09T20:01:54+00:00,0.6682749981034204,4
2026020076,2026-10-09T20:01:54+00:00,0.6028970133438316,7
2026020077,2026-10-09T20:01:54+00:00,0.42070601879246555,4
2026020078,2026-10-09T20:01:54+00:00,0.3210460313762491,7
2026020079,2026-10-09T20:01:54+00:00,0.5461417157135894,4
2026020080,2026-10-09T20:01:54+00:00,0.6541243063602048,7
2026020081,2026-10-09T20:01:54+00:00,0.38794160963428553,7
2026020082,2026-10-09T20:01:54+00:00,0.4622116334355863,4
2026020083,2026-10-09T20:01:54+00:00,0.5955723742650528,7
